"","Species","colony_id","avg_temp_interval","Temperature","Light","Run","micromol.cm2.s","micromol.cm2.h","Stage"
"1","P. grandis","POG-101",17.1152395833333,"17","0","Run3",-9.77898742348142e-05,-0.352043547245331,"Adult"
"2","P. grandis","POG-101",17.1262078431373,"17","560","Run3",4.50319771473233e-05,0.162115117730364,"Adult"
"3","P. grandis","POG-101",21.4198635416667,"21","0","Run3",-0.0001182072743738,-0.425546187745679,"Adult"
"4","P. grandis","POG-101",21.627915,"21","560","Run3",7.55412132996934e-05,0.271948367878896,"Adult"
"5","P. grandis","POG-101",24.37779375,"24","0","Run3",-0.000140007864120394,-0.504028310833418,"Adult"
"6","P. grandis","POG-101",24.6642673333333,"24","560","Run3",0.000101538283408354,0.365537820270074,"Adult"
"7","P. grandis","POG-101",28.1445911764706,"28","0","Run3",-0.000155607934122719,-0.560188562841788,"Adult"
"8","P. grandis","POG-101",28.6042703703704,"28","560","Run3",0.000111122031511706,0.400039313442143,"Adult"
"9","P. grandis","POG-101",29.9435546296296,"30","0","Run3",-0.00017244068964962,-0.620786482738632,"Adult"
"10","P. grandis","POG-101",30.4317,"30","560","Run3",0.000123954810213712,0.446237316769364,"Adult"
"11","P. grandis","POG-101",31.6834362745098,"32","0","Run3",-0.000180691198218677,-0.650488313587238,"Adult"
"12","P. grandis","POG-101",31.8713225490196,"32","560","Run3",7.35034544729183e-05,0.264612436102506,"Adult"
"13","P. grandis","POG-101",34.5764893939394,"35","0","Run3",-0.000212453573743455,-0.764832865476439,"Adult"
"14","P. grandis","POG-101",34.9128725490196,"35","560","Run3",2.01982624567998e-05,0.0727137448444793,"Adult"
"15","P. grandis","POG-101",37.2353259259259,"38","0","Run3",-0.000134115261111186,-0.48281494000027,"Adult"
"16","P. grandis","POG-101",37.2840225490196,"38","560","Run3",-0.00016118245041676,-0.580256821500335,"Adult"
"17","P. grandis","POG-101",40.0850477777778,"40","0","Run3",-6.04958531188433e-05,-0.217785071227836,"Adult"
"18","P. grandis","POG-101",40.1628881118881,"40","560","Run3",-0.000221581151952472,-0.7976921470289,"Adult"
"19","P. grandis","POG-102",17.3388208333333,"17","0","Run3",-9.06211642567941e-05,-0.326236191324459,"Adult"
"20","P. grandis","POG-102",17.3295901960784,"17","560","Run3",0.000126731845438079,0.456234643577086,"Adult"
"21","P. grandis","POG-102",21.6365145833333,"21","0","Run3",-0.00012305318057175,-0.4429914500583,"Adult"
"22","P. grandis","POG-102",21.8326058333333,"21","560","Run3",0.000147766608617801,0.531959791024085,"Adult"
"23","P. grandis","POG-102",24.5809760416667,"24","0","Run3",-0.000139586556575926,-0.502511603673335,"Adult"
"24","P. grandis","POG-102",24.8805826666667,"24","560","Run3",0.000189579869716083,0.682487530977899,"Adult"
"25","P. grandis","POG-102",28.3599029411765,"28","0","Run3",-0.00014598918349473,-0.525561060581027,"Adult"
"26","P. grandis","POG-102",28.8744453703704,"28","560","Run3",0.000209058425928282,0.752610333341814,"Adult"
"27","P. grandis","POG-102",30.1360537037037,"30","0","Run3",-0.000159602740780475,-0.57456986680971,"Adult"
"28","P. grandis","POG-102",30.6215903508772,"30","560","Run3",0.000228535562484582,0.822728024944497,"Adult"
"29","P. grandis","POG-102",31.8229284313725,"32","0","Run3",-0.000177730745415526,-0.639830683495893,"Adult"
"30","P. grandis","POG-102",32.1019843137255,"32","560","Run3",0.000169656787645737,0.610764435524654,"Adult"
"31","P. grandis","POG-102",34.778503030303,"35","0","Run3",-0.000205050688333399,-0.738182478000237,"Adult"
"32","P. grandis","POG-102",35.1327539215686,"35","560","Run3",0.000140977438618432,0.507518779026356,"Adult"
"33","P. grandis","POG-102",37.4149777777778,"38","0","Run3",-0.000147815601808421,-0.532136166510315,"Adult"
"34","P. grandis","POG-102",37.4172049019608,"38","560","Run3",-5.6913552793094e-05,-0.204888790055138,"Adult"
"35","P. grandis","POG-102",40.0053155555556,"40","0","Run3",-0.000105478501489905,-0.379722605363658,"Adult"
"36","P. grandis","POG-102",39.8987525,"40","560","Run3",-0.000160520213709581,-0.577872769354492,"Adult"
"37","P. grandis","POG-103",17.4128979166667,"17","0","Run5",-9.8948928810234e-05,-0.356216143716843,"Adult"
"38","P. grandis","POG-103",17.232655,"17","560","Run5",-1.12499805561332e-07,-0.000404999300020796,"Adult"
"39","P. grandis","POG-103",21.546003125,"21","0","Run5",-0.000117875875638675,-0.42435315229923,"Adult"
"40","P. grandis","POG-103",21.8177039215686,"21","560","Run5",3.42214296801798e-05,0.123197146848647,"Adult"
"41","P. grandis","POG-103",24.2273960784314,"24","0","Run5",-0.000117954551693392,-0.424636386096211,"Adult"
"42","P. grandis","POG-103",24.3265647058824,"24","560","Run5",6.19441804476416e-05,0.22299904961151,"Adult"
"43","P. grandis","POG-103",27.872409375,"28","0","Run5",-0.000142530655339362,-0.513110359221703,"Adult"
"44","P. grandis","POG-103",27.8682287037037,"28","560","Run5",0.000113709788751604,0.409355239505773,"Adult"
"45","P. grandis","POG-103",29.7385657894737,"30","0","Run5",-0.000158151227473347,-0.56934441890405,"Adult"
"46","P. grandis","POG-103",29.6556960784314,"30","560","Run5",0.000116227244758603,0.418418081130971,"Adult"
"47","P. grandis","POG-103",31.9482916666667,"32","0","Run5",-0.000152986438256784,-0.550751177724423,"Adult"
"48","P. grandis","POG-103",31.6370946969697,"32","560","Run5",0.000131550101253766,0.473580364513559,"Adult"
"49","P. grandis","POG-103",34.4538351851852,"35","0","Run5",-0.000185243937714531,-0.666878175772313,"Adult"
"50","P. grandis","POG-103",34.6369764705882,"35","560","Run5",1.80559038523944e-05,0.0650012538686198,"Adult"
"51","P. grandis","POG-103",37.2069302083333,"38","0","Run5",-0.000103443215938257,-0.372395577377724,"Adult"
"52","P. grandis","POG-103",37.8202481481481,"38","560","Run5",-8.61290659204368e-05,-0.310064637313572,"Adult"
"53","P. grandis","POG-103",39.09755625,"40","0","Run5",-0.000122126677790498,-0.439656040045792,"Adult"
"54","P. grandis","POG-103",39.5201009803922,"40","560","Run5",-0.000131218861329343,-0.472387900785634,"Adult"
"55","P. grandis","POG-104",17.73721875,"17","0","Run4",-9.30950211772907e-05,-0.335142076238247,"Adult"
"56","P. grandis","POG-104",17.7277049019608,"17","560","Run4",0.000120881007424218,0.435171626727186,"Adult"
"57","P. grandis","POG-104",21.7372903508772,"21","0","Run4",-0.000114464003974733,-0.412070414309039,"Adult"
"58","P. grandis","POG-104",22.1982205882353,"21","560","Run4",0.000153964234687025,0.554271244873291,"Adult"
"59","P. grandis","POG-104",24.5428780701754,"24","0","Run4",-0.000123508488456914,-0.44463055844489,"Adult"
"60","P. grandis","POG-104",24.8311901960784,"24","560","Run4",0.000197085687743293,0.709508475875854,"Adult"
"61","P. grandis","POG-104",28.2847166666667,"28","0","Run4",-0.000174075372435124,-0.626671340766446,"Adult"
"62","P. grandis","POG-104",28.4445862745098,"28","560","Run4",0.000263697911147971,0.949312480132697,"Adult"
"63","P. grandis","POG-104",30.3143802083333,"30","0","Run4",-0.00018172753425604,-0.654219123321743,"Adult"
"64","P. grandis","POG-104",30.8816805555556,"30","560","Run4",0.000236218408184588,0.850386269464517,"Adult"
"65","P. grandis","POG-104",32.1343052083333,"32","0","Run4",-0.000322348462307059,-1.16045446430541,"Adult"
"66","P. grandis","POG-104",32.4169558333333,"32","560","Run4",0.000174123103289364,0.62684317184171,"Adult"
"67","P. grandis","POG-104",34.6485055555556,"35","0","Run4",-0.000232475208997763,-0.836910752391948,"Adult"
"68","P. grandis","POG-104",34.6881274509804,"35","560","Run4",0.000106135337564761,0.382087215233138,"Adult"
"69","P. grandis","POG-104",37.5504637254902,"38","0","Run4",-0.000153990067553582,-0.554364243192895,"Adult"
"70","P. grandis","POG-104",37.7451027777778,"38","560","Run4",-0.000184688700029477,-0.664879320106116,"Adult"
"71","P. grandis","POG-104",38.1578677083333,"40","0","Run4",-0.000174656759010158,-0.628764332436568,"Adult"
"72","P. grandis","POG-104",38.9961740740741,"40","560","Run4",-0.000108919097775773,-0.392108751992783,"Adult"
"73","P. grandis","POG-105",17.1238958333333,"17","0","Run3",-4.74489323533167e-05,-0.17081615647194,"Adult"
"74","P. grandis","POG-105",17.161887254902,"17","560","Run3",4.8621484851746e-05,0.175037345466286,"Adult"
"75","P. grandis","POG-105",21.436609375,"21","0","Run3",-8.00461184731811e-05,-0.288166026503452,"Adult"
"76","P. grandis","POG-105",21.6570725,"21","560","Run3",7.45641484773328e-05,0.268430934518398,"Adult"
"77","P. grandis","POG-105",24.4023052083333,"24","0","Run3",-8.88578735935573e-05,-0.319888344936806,"Adult"
"78","P. grandis","POG-105",24.715938,"24","560","Run3",9.7270068671277e-05,0.350172247216597,"Adult"
"79","P. grandis","POG-105",28.1931,"28","0","Run3",-8.9162386254042e-05,-0.320984590514551,"Adult"
"80","P. grandis","POG-105",28.6952796296296,"28","560","Run3",0.000119574597997916,0.430468552792496,"Adult"
"81","P. grandis","POG-105",29.9944972222222,"30","0","Run3",-0.000106574223420598,-0.383667204314151,"Adult"
"82","P. grandis","POG-105",30.5669026315789,"30","560","Run3",0.000113184531071585,0.407464311857705,"Adult"
"83","P. grandis","POG-105",31.7499245098039,"32","0","Run3",-0.000119601480911684,-0.430565331282063,"Adult"
"84","P. grandis","POG-105",31.9815588235294,"32","560","Run3",8.75820965717013e-05,0.315295547658125,"Adult"
"85","P. grandis","POG-105",34.6740196969697,"35","0","Run3",-0.000126659251848552,-0.455973306654786,"Adult"
"86","P. grandis","POG-105",35.0691549019608,"35","560","Run3",5.48425378580547e-05,0.197433136288997,"Adult"
"87","P. grandis","POG-105",37.3622546296296,"38","0","Run3",-7.98567242827511e-05,-0.287484207417904,"Adult"
"88","P. grandis","POG-105",37.4488166666667,"38","560","Run3",-6.71715674232062e-05,-0.241817642723542,"Adult"
"89","P. grandis","POG-105",40.16539,"40","0","Run3",-6.50387699980001e-05,-0.2341395719928,"Adult"
"90","P. grandis","POG-105",40.1198647058823,"40","560","Run3",-0.000120241200730898,-0.432868322631232,"Adult"
"91","P. grandis","POG-106",17.6197302083333,"17","0","Run4",-0.000114132415724256,-0.410876696607321,"Adult"
"92","P. grandis","POG-106",17.4966921568627,"17","560","Run4",7.93354652942871e-05,0.285607675059434,"Adult"
"93","P. grandis","POG-106",21.6768815789474,"21","0","Run4",-0.000108657121219687,-0.391165636390872,"Adult"
"94","P. grandis","POG-106",22.2244088235294,"21","560","Run4",0.00015733716968376,0.566413810861538,"Adult"
"95","P. grandis","POG-106",24.3610780701754,"24","0","Run4",-0.000122292734172719,-0.440253843021787,"Adult"
"96","P. grandis","POG-106",24.4473235294118,"24","560","Run4",0.000187734257441307,0.675843326788705,"Adult"
"97","P. grandis","POG-106",28.1465519607843,"28","0","Run4",-0.000153009120168503,-0.550832832606611,"Adult"
"98","P. grandis","POG-106",28.2141264705882,"28","560","Run4",0.000190249294191858,0.684897459090688,"Adult"
"99","P. grandis","POG-106",30.1451104166667,"30","0","Run4",-0.000169506443121931,-0.610223195238952,"Adult"
"100","P. grandis","POG-106",30.6279018518519,"30","560","Run4",0.0001695088220643,0.610231759431482,"Adult"
"101","P. grandis","POG-106",31.8396416666667,"32","0","Run4",-0.00019075596288159,-0.686721466373723,"Adult"
"102","P. grandis","POG-106",32.2205433333333,"32","560","Run4",9.83369908376174e-05,0.354013167015423,"Adult"
"103","P. grandis","POG-106",34.3529537037037,"35","0","Run4",-0.000239083827030791,-0.860701777310848,"Adult"
"104","P. grandis","POG-106",34.3230745098039,"35","560","Run4",5.088108150304e-05,0.183171893410944,"Adult"
"105","P. grandis","POG-106",37.3121833333333,"38","0","Run4",-0.000139552850825112,-0.502390262970403,"Adult"
"106","P. grandis","POG-106",37.6644888888889,"38","560","Run4",-0.000153528607882395,-0.552702988376621,"Adult"
"107","P. grandis","POG-106",38.0210729166667,"40","0","Run4",-0.000129805607320804,-0.467300186354895,"Adult"
"108","P. grandis","POG-106",38.8069703703704,"40","560","Run4",-7.85416223904053e-05,-0.282749840605459,"Adult"
"109","P. grandis","POG-107",17.468625,"17","0","Run5",-0.000100229435810257,-0.360825968916924,"Adult"
"110","P. grandis","POG-107",17.3315366666667,"17","560","Run5",0.000105070221283327,0.378252796619979,"Adult"
"111","P. grandis","POG-107",21.6196510416667,"21","0","Run5",-0.000119656291390421,-0.430762649005515,"Adult"
"112","P. grandis","POG-107",21.9485774509804,"21","560","Run5",0.000181195202892396,0.652302730412627,"Adult"
"113","P. grandis","POG-107",24.2724705882353,"24","0","Run5",-0.000140429777734452,-0.505547199844029,"Adult"
"114","P. grandis","POG-107",24.3315176470588,"24","560","Run5",0.00022400888558929,0.806431988121444,"Adult"
"115","P. grandis","POG-107",28.026,"28","0","Run5",-0.00017572526106318,-0.632610939827447,"Adult"
"116","P. grandis","POG-107",28.0322731481481,"28","560","Run5",0.000276978560819621,0.997122818950635,"Adult"
"117","P. grandis","POG-107",29.8315342105263,"30","0","Run5",-0.000198876135978704,-0.715954089523334,"Adult"
"118","P. grandis","POG-107",29.8065156862745,"30","560","Run5",0.000291831958927417,1.0505950521387,"Adult"
"119","P. grandis","POG-107",32.0318666666667,"32","0","Run5",-0.000228656088780152,-0.823161919608548,"Adult"
"120","P. grandis","POG-107",31.6306212121212,"32","560","Run5",0.000344703990579001,1.2409343660844,"Adult"
"121","P. grandis","POG-107",34.423425,"35","0","Run5",-0.000237394927998106,-0.85462174079318,"Adult"
"122","P. grandis","POG-107",34.526118627451,"35","560","Run5",0.0001841855651388,0.66306803449968,"Adult"
"123","P. grandis","POG-107",37.3753770833333,"38","0","Run5",-0.000119601110699619,-0.430563998518628,"Adult"
"124","P. grandis","POG-107",37.7844712962963,"38","560","Run5",-0.000123645469468008,-0.445123690084829,"Adult"
"125","P. grandis","POG-107",39.22303125,"40","0","Run5",-5.58792999893633e-05,-0.201165479961708,"Adult"
"126","P. grandis","POG-107",39.4672,"40","560","Run5",-0.000141589957627271,-0.509723847458175,"Adult"
"127","P. grandis","POG-108",17.473759375,"17","0","Run5",-0.000109531690467895,-0.394314085684422,"Adult"
"128","P. grandis","POG-108",17.2826408333333,"17","560","Run5",5.27011999901593e-05,0.189724319964573,"Adult"
"129","P. grandis","POG-108",21.678921875,"21","0","Run5",-0.000128529723929816,-0.462707006147336,"Adult"
"130","P. grandis","POG-108",22.0201205882353,"21","560","Run5",0.000152302226790514,0.54828801644585,"Adult"
"131","P. grandis","POG-108",24.3783833333333,"24","0","Run5",-0.000134640545548649,-0.484705963975135,"Adult"
"132","P. grandis","POG-108",24.5284254901961,"24","560","Run5",0.000218222757123752,0.785601925645508,"Adult"
"133","P. grandis","POG-108",28.0307447916667,"28","0","Run5",-0.000153398629953498,-0.552235067832591,"Adult"
"134","P. grandis","POG-108",28.0825240740741,"28","560","Run5",0.000238720272923833,0.859392982525797,"Adult"
"135","P. grandis","POG-108",29.8996938596491,"30","0","Run5",-0.000186521916499057,-0.671478899396604,"Adult"
"136","P. grandis","POG-108",29.8664549019608,"30","560","Run5",0.000232646461984495,0.837527263144182,"Adult"
"137","P. grandis","POG-108",32.1079989583333,"32","0","Run5",-0.000190484398229893,-0.685743833627614,"Adult"
"138","P. grandis","POG-108",31.8372863636364,"32","560","Run5",0.000240081222338148,0.864292400417334,"Adult"
"139","P. grandis","POG-108",34.6874666666667,"35","0","Run5",-0.000208728203676679,-0.751421533236044,"Adult"
"140","P. grandis","POG-108",34.7457794117647,"35","560","Run5",0.000109182890243761,0.393058404877538,"Adult"
"141","P. grandis","POG-108",37.601475,"38","0","Run5",-9.71403368418213e-05,-0.349705212630557,"Adult"
"142","P. grandis","POG-108",38.0684111111111,"38","560","Run5",-0.000101926574058962,-0.366935666612265,"Adult"
"143","P. grandis","POG-108",39.352346875,"40","0","Run5",-7.67542627688642e-05,-0.276315345967911,"Adult"
"144","P. grandis","POG-108",39.8299833333333,"40","560","Run5",-0.000147207436653511,-0.529946771952639,"Adult"
"145","P. meandrina","POM-101",17.4591479166667,"17","0","Run5",-0.000138403690082337,-0.498253284296414,"Adult"
"146","P. meandrina","POM-101",17.2588491666667,"17","560","Run5",7.17282821562485e-05,0.258221815762495,"Adult"
"147","P. meandrina","POM-101",21.6511541666667,"21","0","Run5",-9.97141145218894e-05,-0.358970812278802,"Adult"
"148","P. meandrina","POM-101",21.9766254901961,"21","560","Run5",0.000101875570260964,0.366752052939469,"Adult"
"149","P. meandrina","POM-101",24.3504637254902,"24","0","Run5",-0.000103497406749479,-0.372590664298125,"Adult"
"150","P. meandrina","POM-101",24.518837254902,"24","560","Run5",0.000136609157943349,0.491792968596056,"Adult"
"151","P. meandrina","POM-101",28.000371875,"28","0","Run5",-0.000124098684398233,-0.446755263833641,"Adult"
"152","P. meandrina","POM-101",28.1162055555556,"28","560","Run5",0.000162680696594277,0.585650507739397,"Adult"
"153","P. meandrina","POM-101",29.8248070175439,"30","0","Run5",-0.000162845940774506,-0.586245386788221,"Adult"
"154","P. meandrina","POM-101",29.805018627451,"30","560","Run5",9.60772396114098e-05,0.345878062601075,"Adult"
"155","P. meandrina","POM-101",32.0311229166667,"32","0","Run5",0.000103861985149366,0.373903146537719,"Adult"
"156","P. meandrina","POM-101",31.7489848484848,"32","560","Run5",5.90940716142829e-05,0.212738657811418,"Adult"
"157","P. meandrina","POM-101",34.5729037037037,"35","0","Run5",-0.000196931312075458,-0.708952723471648,"Adult"
"158","P. meandrina","POM-101",34.7542647058824,"35","560","Run5",4.58015162424071e-05,0.164885458472666,"Adult"
"159","P. meandrina","POM-101",37.4192854166667,"38","0","Run5",-0.000144537805463162,-0.520336099667385,"Adult"
"160","P. meandrina","POM-101",37.9961759259259,"38","560","Run5",-7.18742883115048e-05,-0.258747437921417,"Adult"
"161","P. meandrina","POM-101",39.2725864583333,"40","0","Run5",-0.000100235433798415,-0.360847561674293,"Adult"
"162","P. meandrina","POM-101",39.642168627451,"40","560","Run5",-0.000123151312729102,-0.443344725824768,"Adult"
"163","P. meandrina","POM-103",17.440934375,"17","0","Run5",-7.90620961868628e-05,-0.284623546272706,"Adult"
"164","P. meandrina","POM-103",17.2512575,"17","560","Run5",7.82878875042042e-06,0.0281836395015135,"Adult"
"165","P. meandrina","POM-103",21.5929822916667,"21","0","Run5",-9.55440670570394e-05,-0.343958641405342,"Adult"
"166","P. meandrina","POM-103",21.8669823529412,"21","560","Run5",6.06210786909872e-05,0.218235883287554,"Adult"
"167","P. meandrina","POM-103",24.2204549019608,"24","0","Run5",-9.50120079028991e-05,-0.342043228450437,"Adult"
"168","P. meandrina","POM-103",24.2331284313725,"24","560","Run5",9.45498545051347e-05,0.340379476218485,"Adult"
"169","P. meandrina","POM-103",27.8718625,"28","0","Run5",-0.000110601769108856,-0.398166368791883,"Adult"
"170","P. meandrina","POM-103",27.8869194444444,"28","560","Run5",9.04166833767245e-05,0.325500060156208,"Adult"
"171","P. meandrina","POM-103",29.7431359649123,"30","0","Run5",-0.000135412616512043,-0.487485419443356,"Adult"
"172","P. meandrina","POM-103",29.6616970588235,"30","560","Run5",8.94775259102367e-05,0.322119093276852,"Adult"
"173","P. meandrina","POM-103",31.900790625,"32","0","Run5",-0.000121718098586107,-0.438185154909983,"Adult"
"174","P. meandrina","POM-103",31.5279583333333,"32","560","Run5",0.000131961160758029,0.475060178728906,"Adult"
"175","P. meandrina","POM-103",34.4042453703704,"35","0","Run5",-0.000157407835833364,-0.566668209000111,"Adult"
"176","P. meandrina","POM-103",34.4875764705882,"35","560","Run5",6.53578495757807e-05,0.235288258472811,"Adult"
"177","P. meandrina","POM-103",37.2956197916667,"38","0","Run5",-7.9519794574744e-05,-0.286271260469078,"Adult"
"178","P. meandrina","POM-103",37.7831259259259,"38","560","Run5",-6.03653124000989e-05,-0.217315124640356,"Adult"
"179","P. meandrina","POM-103",39.05868125,"40","0","Run5",-4.72042310991086e-05,-0.169935231956791,"Adult"
"180","P. meandrina","POM-103",39.4088196078431,"40","560","Run5",-0.000116049409439496,-0.417777873982184,"Adult"
"181","P. meandrina","POM-104",17.6366635416667,"17","0","Run5",-7.14134437940819e-05,-0.257088397658695,"Adult"
"182","P. meandrina","POM-104",24.5852508333333,"17","560","Run5",8.13922142813941e-05,0.293011971413019,"Adult"
"183","P. meandrina","POM-104",21.865634375,"21","0","Run5",-8.30106126874785e-05,-0.298838205674923,"Adult"
"184","P. meandrina","POM-104",22.2378794117647,"21","560","Run5",7.63387846010675e-05,0.274819624563843,"Adult"
"185","P. meandrina","POM-104",24.5889362745098,"24","0","Run5",-0.000100379661738944,-0.361366782260197,"Adult"
"186","P. meandrina","POM-104",24.7940362745098,"24","560","Run5",8.45751512745235e-05,0.304470544588285,"Adult"
"187","P. meandrina","POM-104",28.2548708333333,"28","0","Run5",-0.00010297174861058,-0.370698294998087,"Adult"
"188","P. meandrina","POM-104",28.3877231481481,"28","560","Run5",8.25148926591708e-05,0.297053613573015,"Adult"
"189","P. meandrina","POM-104",30.0896622807018,"30","0","Run5",-0.000125508236707552,-0.451829652147187,"Adult"
"190","P. meandrina","POM-104",30.1131147058824,"30","560","Run5",7.73984002263002e-05,0.278634240814681,"Adult"
"191","P. meandrina","POM-104",32.2707364583333,"32","0","Run5",-0.000116812146758705,-0.420523728331337,"Adult"
"192","P. meandrina","POM-104",32.0548916666667,"32","560","Run5",0.000105533498635067,0.37992059508624,"Adult"
"193","P. meandrina","POM-104",34.7814092592593,"35","0","Run5",-0.00016226512569753,-0.584154452511108,"Adult"
"194","P. meandrina","POM-104",35.0167156862745,"35","560","Run5",3.83742828431236e-05,0.138147418235245,"Adult"
"195","P. meandrina","POM-104",37.724675,"38","0","Run5",-9.51891487924071e-05,-0.342680935652666,"Adult"
"196","P. meandrina","POM-104",38.3111851851852,"38","560","Run5",-7.81246898485229e-05,-0.281248883454682,"Adult"
"197","P. meandrina","POM-104",39.5179333333333,"40","0","Run5",-4.62464061651703e-05,-0.166487062194613,"Adult"
"198","P. meandrina","POM-104",40.0325098039216,"40","560","Run5",-7.25563285545282e-05,-0.261202782796302,"Adult"
"199","P. meandrina","POM-105",17.7045677083333,"17","0","Run4",-0.000101352528474516,-0.364869102508258,"Adult"
"200","P. meandrina","POM-105",17.6006725490196,"17","560","Run4",8.77809530714289e-05,0.316011431057144,"Adult"
"201","P. meandrina","POM-105",21.6902342105263,"21","0","Run4",-0.000125667303380294,-0.452402292169057,"Adult"
"202","P. meandrina","POM-105",22.1596892156863,"21","560","Run4",0.000136295434952786,0.49066356583003,"Adult"
"203","P. meandrina","POM-105",24.4445421052632,"24","0","Run4",-0.000114790232754221,-0.413244837915196,"Adult"
"204","P. meandrina","POM-105",24.6764823529412,"24","560","Run4",0.000182857818668826,0.658288147207775,"Adult"
"205","P. meandrina","POM-105",28.131568627451,"28","0","Run4",-0.000140414664186854,-0.505492791072673,"Adult"
"206","P. meandrina","POM-105",28.2095529411765,"28","560","Run4",0.000223709241909931,0.805353270875753,"Adult"
"207","P. meandrina","POM-105",30.129453125,"30","0","Run4",-0.00016439011229384,-0.591804404257822,"Adult"
"208","P. meandrina","POM-105",30.6516555555556,"30","560","Run4",0.000228003394489704,0.820812220162935,"Adult"
"209","P. meandrina","POM-105",31.7318729166667,"32","0","Run4",-0.000200080500402306,-0.720289801448302,"Adult"
"210","P. meandrina","POM-105",32.2006566666667,"32","560","Run4",0.000196580169054099,0.707688608594756,"Adult"
"211","P. meandrina","POM-105",34.1323537037037,"35","0","Run4",-0.000212498581835091,-0.764994894606327,"Adult"
"212","P. meandrina","POM-105",34.1180460784314,"35","560","Run4",7.91882036361674e-05,0.285077533090203,"Adult"
"213","P. meandrina","POM-105",36.9862088235294,"38","0","Run4",-0.000124835213760541,-0.449406769537947,"Adult"
"214","P. meandrina","POM-105",37.2593222222222,"38","560","Run4",-0.000123964471703088,-0.446272098131118,"Adult"
"215","P. meandrina","POM-105",35.28378125,"40","0","Run4",-0.000132951554301987,-0.478625595487153,"Adult"
"216","P. meandrina","POM-105",35.4169490740741,"40","560","Run4",-0.000141742309500947,-0.510272314203411,"Adult"
"217","P. meandrina","POM-106",17.44673125,"17","0","Run5",-6.82332687513827e-05,-0.245639767504978,"Adult"
"218","P. meandrina","POM-106",17.2890875,"17","560","Run5",3.13374087737655e-05,0.112814671585556,"Adult"
"219","P. meandrina","POM-106",21.5737833333333,"21","0","Run5",-7.24390652015597e-05,-0.260780634725615,"Adult"
"220","P. meandrina","POM-106",21.9455784313725,"21","560","Run5",0.000100786428264507,0.362831141752226,"Adult"
"221","P. meandrina","POM-106",24.2153607843137,"24","0","Run5",-8.68155257259999e-05,-0.3125358926136,"Adult"
"222","P. meandrina","POM-106",24.2971205882353,"24","560","Run5",0.000131597111308898,0.473749600712033,"Adult"
"223","P. meandrina","POM-106",27.9218166666667,"28","0","Run5",-0.000111289783606555,-0.400643220983599,"Adult"
"224","P. meandrina","POM-106",28.0351638888889,"28","560","Run5",0.000143758730162046,0.517531428583366,"Adult"
"225","P. meandrina","POM-106",29.8695429824561,"30","0","Run5",-0.000144833963285326,-0.521402267827172,"Adult"
"226","P. meandrina","POM-106",29.7739450980392,"30","560","Run5",0.000135014094465105,0.486050740074377,"Adult"
"227","P. meandrina","POM-106",31.8888302083333,"32","0","Run5",-0.00013476313343125,-0.485147280352499,"Adult"
"228","P. meandrina","POM-106",31.6918439393939,"32","560","Run5",0.00015440945792766,0.555874048539576,"Adult"
"229","P. meandrina","POM-106",34.3850592592593,"35","0","Run5",-0.000197208082893457,-0.709949098416446,"Adult"
"230","P. meandrina","POM-106",34.4916637254902,"35","560","Run5",6.1234534302119e-05,0.220444323487628,"Adult"
"231","P. meandrina","POM-106",37.254071875,"38","0","Run5",-0.000106801262858977,-0.384484546292318,"Adult"
"232","P. meandrina","POM-106",37.7187101851852,"38","560","Run5",-5.68589113388816e-05,-0.204692080819974,"Adult"
"233","P. meandrina","POM-106",39.088753125,"40","0","Run5",-9.20987841500765e-05,-0.331555622940275,"Adult"
"234","P. meandrina","POM-106",39.4653647058824,"40","560","Run5",-6.82618677069752e-05,-0.245742723745111,"Adult"
"235","P. meandrina","POM-107",17.324015625,"17","0","Run3",-7.35359571851017e-05,-0.264729445866366,"Adult"
"236","P. meandrina","POM-107",17.3097754901961,"17","560","Run3",4.52303519188002e-05,0.162829266907681,"Adult"
"237","P. meandrina","POM-107",21.583859375,"21","0","Run3",-9.49594491484434e-05,-0.341854016934396,"Adult"
"238","P. meandrina","POM-107",21.7464991666667,"21","560","Run3",7.74471298252003e-05,0.278809667370721,"Adult"
"239","P. meandrina","POM-107",24.536346875,"24","0","Run3",-9.34491814320826e-05,-0.336417053155497,"Adult"
"240","P. meandrina","POM-107",24.846166,"24","560","Run3",0.000112008768702275,0.403231567328192,"Adult"
"241","P. meandrina","POM-107",28.2852598039216,"28","0","Run3",-9.02706833534522e-05,-0.324974460072428,"Adult"
"242","P. meandrina","POM-107",28.8299851851852,"28","560","Run3",0.000141170692283677,0.508214492221237,"Adult"
"243","P. meandrina","POM-107",30.0437027777778,"30","0","Run3",-0.000113191119600673,-0.407488030562422,"Adult"
"244","P. meandrina","POM-107",30.5275815789474,"30","560","Run3",0.000118496903464656,0.426588852472763,"Adult"
"245","P. meandrina","POM-107",31.7572009803922,"32","0","Run3",-0.000130251672182523,-0.468906019857084,"Adult"
"246","P. meandrina","POM-107",32.0087784313725,"32","560","Run3",7.5819537358514e-05,0.27295033449065,"Adult"
"247","P. meandrina","POM-107",34.6850303030303,"35","0","Run3",-0.000133531582925848,-0.480713698533054,"Adult"
"248","P. meandrina","POM-107",35.0182147058824,"35","560","Run3",7.9534443122292e-05,0.286323995240251,"Adult"
"249","P. meandrina","POM-107",37.2783388888889,"38","0","Run3",-0.000117745561800604,-0.423884022482175,"Adult"
"250","P. meandrina","POM-107",37.2726970588235,"38","560","Run3",-0.000102031446775073,-0.367313208390262,"Adult"
"251","P. meandrina","POM-107",39.91285,"40","0","Run3",-9.051232291962e-05,-0.325844362510632,"Adult"
"252","P. meandrina","POM-107",39.8418416666667,"40","560","Run3",-0.000132327495105313,-0.476378982379126,"Adult"
"253","P. meandrina","POM-108",17.6660395833333,"17","0","Run5",-0.000128389630011939,-0.462202668042982,"Adult"
"254","P. meandrina","POM-108",24.4563666666667,"17","560","Run5",0.000131458409308779,0.473250273511603,"Adult"
"255","P. meandrina","POM-108",21.868196875,"21","0","Run5",-0.000137067055049433,-0.493441398177959,"Adult"
"256","P. meandrina","POM-108",22.2393205882353,"21","560","Run5",0.000118501409248763,0.426605073295548,"Adult"
"257","P. meandrina","POM-108",24.5168617647059,"24","0","Run5",-0.00013978301605747,-0.503218857806892,"Adult"
"258","P. meandrina","POM-108",24.6865529411765,"24","560","Run5",0.000161888848749045,0.582799855496563,"Adult"
"259","P. meandrina","POM-108",28.175684375,"28","0","Run5",-0.000159314934134946,-0.573533762885806,"Adult"
"260","P. meandrina","POM-108",28.247212962963,"28","560","Run5",0.000158470953597389,0.5704954329506,"Adult"
"261","P. meandrina","POM-108",29.9888578947368,"30","0","Run5",-0.000180572643134002,-0.650061515282406,"Adult"
"262","P. meandrina","POM-108",29.9556715686275,"30","560","Run5",0.000101344054812385,0.364838597324586,"Adult"
"263","P. meandrina","POM-108",32.1688364583333,"32","0","Run5",-0.000171182996081083,-0.616258785891897,"Adult"
"264","P. meandrina","POM-108",31.8763386363636,"32","560","Run5",0.000176982465306361,0.637136875102899,"Adult"
"265","P. meandrina","POM-108",34.6283833333333,"35","0","Run5",-0.000209621417540243,-0.754637103144873,"Adult"
"266","P. meandrina","POM-108",34.9015019607843,"35","560","Run5",5.92727391760353e-05,0.213381861033727,"Adult"
"267","P. meandrina","POM-108",37.6712958333333,"38","0","Run5",-0.0001021990584604,-0.367916610457441,"Adult"
"268","P. meandrina","POM-108",38.080887962963,"38","560","Run5",-6.81723489629839e-05,-0.245420456266742,"Adult"
"269","P. meandrina","POM-108",39.3213229166667,"40","0","Run5",-0.000120437253064978,-0.43357411103392,"Adult"
"270","P. meandrina","POM-108",39.7724764705882,"40","560","Run5",-6.83945941094159e-05,-0.246220538793897,"Adult"
"271","P. meandrina","POM-109",17.558753125,"17","0","Run5",-8.63461191988779e-05,-0.31084602911596,"Adult"
"272","P. meandrina","POM-109",24.47224,"17","560","Run5",7.77243063186589e-05,0.279807502747172,"Adult"
"273","P. meandrina","POM-109",21.7506416666667,"21","0","Run5",-0.000105378808190074,-0.379363709484267,"Adult"
"274","P. meandrina","POM-109",22.1031637254902,"21","560","Run5",7.82445187971071e-05,0.281680267669585,"Adult"
"275","P. meandrina","POM-109",24.4203529411765,"24","0","Run5",-0.000113182338115983,-0.407456417217539,"Adult"
"276","P. meandrina","POM-109",24.5454607843137,"24","560","Run5",0.000107271343931944,0.386176838155,"Adult"
"277","P. meandrina","POM-109",28.0640604166667,"28","0","Run5",-0.00012618258432632,-0.454257303574753,"Adult"
"278","P. meandrina","POM-109",28.158425,"28","560","Run5",9.93730136690909e-05,0.357742849208727,"Adult"
"279","P. meandrina","POM-109",29.9360622807018,"30","0","Run5",-0.000146978378794668,-0.529122163660806,"Adult"
"280","P. meandrina","POM-109",29.898418627451,"30","560","Run5",8.83446797267555e-05,0.31804084701632,"Adult"
"281","P. meandrina","POM-109",32.0582354166667,"32","0","Run5",-0.000155247673153589,-0.55889162335292,"Adult"
"282","P. meandrina","POM-109",31.7320893939394,"32","560","Run5",7.33190017287989e-05,0.263948406223676,"Adult"
"283","P. meandrina","POM-109",34.5909731481481,"35","0","Run5",-0.000189116279532692,-0.680818606317691,"Adult"
"284","P. meandrina","POM-109",34.6677705882353,"35","560","Run5",-6.51291924496867e-06,-0.0234465092818872,"Adult"
"285","P. meandrina","POM-109",37.41839375,"38","0","Run5",-0.000116427223253651,-0.419138003713143,"Adult"
"286","P. meandrina","POM-109",37.8844861111111,"38","560","Run5",-5.08335750746148e-05,-0.183000870268613,"Adult"
"287","P. meandrina","POM-109",39.200046875,"40","0","Run5",-7.25012166594832e-05,-0.26100437997414,"Adult"
"288","P. meandrina","POM-109",39.4888117647059,"40","560","Run5",-9.60900255173816e-05,-0.345924091862574,"Adult"
"289","P. tuahiniensis","POT-101",17.3472020833333,"17","0","Run3",-3.45501634034761e-05,-0.124380588252514,"Adult"
"290","P. tuahiniensis","POT-101",17.3482539215686,"17","560","Run3",1.89876472445296e-05,0.0683555300803066,"Adult"
"291","P. tuahiniensis","POT-101",21.754596875,"21","0","Run3",-6.27348653729264e-05,-0.225845515342535,"Adult"
"292","P. tuahiniensis","POT-101",22.1497208333333,"21","560","Run3",9.30301182872891e-05,0.334908425834241,"Adult"
"293","P. tuahiniensis","POT-101",24.64485,"24","0","Run3",-6.22743947016262e-05,-0.224187820925854,"Adult"
"294","P. tuahiniensis","POT-101",24.9061433333333,"24","560","Run3",0.000115076412666762,0.414275085600342,"Adult"
"295","P. tuahiniensis","POT-101",28.4313843137255,"28","0","Run3",-4.54642680350766e-05,-0.163671364926276,"Adult"
"296","P. tuahiniensis","POT-101",28.7462861111111,"28","560","Run3",0.000128473319095593,0.462503948744133,"Adult"
"297","P. tuahiniensis","POT-101",30.2474796296296,"30","0","Run3",-6.25010078037781e-05,-0.225003628093601,"Adult"
"298","P. tuahiniensis","POT-101",30.6820473684211,"30","560","Run3",0.000133377990226186,0.480160764814269,"Adult"
"299","P. tuahiniensis","POT-101",32.0276892156863,"32","0","Run3",-0.000108719097767814,-0.39138875196413,"Adult"
"300","P. tuahiniensis","POT-101",32.1996901960784,"32","560","Run3",2.41812922401605e-05,0.0870526520645779,"Adult"
"301","P. tuahiniensis","POT-101",34.9436022727273,"35","0","Run3",-2.71285113301894e-05,-0.0976626407886819,"Adult"
"302","P. tuahiniensis","POT-101",35.2073098039216,"35","560","Run3",0.000112297751743335,0.404271906276007,"Adult"
"303","P. tuahiniensis","POT-101",37.5510018518519,"38","0","Run3",-8.01590579292327e-05,-0.288572608545238,"Adult"
"304","P. tuahiniensis","POT-101",37.5471362745098,"38","560","Run3",-2.54591753717082e-05,-0.0916530313381496,"Adult"
"305","P. tuahiniensis","POT-101",40.2725966666667,"40","0","Run3",-4.92066689509061e-05,-0.177144008223262,"Adult"
"306","P. tuahiniensis","POT-101",40.1768158333333,"40","560","Run3",-0.00014303534449705,-0.514927240189379,"Adult"
"307","P. tuahiniensis","POT-102",17.6109916666667,"17","0","Run5",-8.25401052066114e-05,-0.297144378743801,"Adult"
"308","P. tuahiniensis","POT-102",24.5138933333333,"17","560","Run5",0.000115598666119923,0.416155198031723,"Adult"
"309","P. tuahiniensis","POT-102",21.833121875,"21","0","Run5",-8.05393850386999e-05,-0.28994178613932,"Adult"
"310","P. tuahiniensis","POT-102",22.229868627451,"21","560","Run5",7.5761686669892e-05,0.272742072011611,"Adult"
"311","P. tuahiniensis","POT-102",24.4779,"24","0","Run5",-7.80939461299646e-05,-0.281138206067872,"Adult"
"312","P. tuahiniensis","POT-102",24.6647803921569,"24","560","Run5",0.000143551096257706,0.516783946527743,"Adult"
"313","P. tuahiniensis","POT-102",28.1167979166667,"28","0","Run5",-0.000101323422179,-0.364764319844402,"Adult"
"314","P. tuahiniensis","POT-102",28.2448657407407,"28","560","Run5",0.00017053429240126,0.613923452644536,"Adult"
"315","P. tuahiniensis","POT-102",29.9566210526316,"30","0","Run5",-0.000146242307662982,-0.526472307586736,"Adult"
"316","P. tuahiniensis","POT-102",29.9715960784314,"30","560","Run5",0.000145188476191422,0.522678514289119,"Adult"
"317","P. tuahiniensis","POT-102",32.2923604166667,"32","0","Run5",-0.000155709225201099,-0.560553210723956,"Adult"
"318","P. tuahiniensis","POT-102",31.8642484848485,"32","560","Run5",0.000148038746852829,0.532939488670184,"Adult"
"319","P. tuahiniensis","POT-102",34.6770935185185,"35","0","Run5",-0.000145844060396423,-0.525038617427121,"Adult"
"320","P. tuahiniensis","POT-102",34.9574803921569,"35","560","Run5",0.00010771320152757,0.387767525499253,"Adult"
"321","P. tuahiniensis","POT-102",37.4227416666667,"38","0","Run5",-6.26809588172786e-05,-0.225651451742203,"Adult"
"322","P. tuahiniensis","POT-102",38.005062962963,"38","560","Run5",-4.24116002387513e-05,-0.152681760859505,"Adult"
"323","P. tuahiniensis","POT-102",39.5397645833333,"40","0","Run5",-7.93907531174848e-05,-0.285806711222945,"Adult"
"324","P. tuahiniensis","POT-102",39.7349588235294,"40","560","Run5",-0.000140726043633852,-0.506613757081867,"Adult"
"325","P. tuahiniensis","POT-103",17.4334322916667,"17","0","Run5",-0.000243365823506133,-0.876116964622078,"Adult"
"326","P. tuahiniensis","POT-103",17.2412208333333,"17","560","Run5",8.39167473460634e-05,0.302100290445828,"Adult"
"327","P. tuahiniensis","POT-103",21.6315635416667,"21","0","Run5",-0.000277195921337718,-0.997905316815783,"Adult"
"328","P. tuahiniensis","POT-103",21.936462745098,"21","560","Run5",0.000167994385217905,0.604779786784457,"Adult"
"329","P. tuahiniensis","POT-103",24.3604470588235,"24","0","Run5",-0.000267321773527709,-0.962358384699754,"Adult"
"330","P. tuahiniensis","POT-103",24.4902225490196,"24","560","Run5",0.00026368093890605,0.949251380061782,"Adult"
"331","P. tuahiniensis","POT-103",28.0428416666667,"28","0","Run5",-0.00034884658812732,-1.25584771725835,"Adult"
"332","P. tuahiniensis","POT-103",28.0328231481481,"28","560","Run5",0.000279353721488578,1.00567339735888,"Adult"
"333","P. tuahiniensis","POT-103",29.9610622807018,"30","0","Run5",-0.000406897693885863,-1.46483169798911,"Adult"
"334","P. tuahiniensis","POT-103",29.8291862745098,"30","560","Run5",0.00025280176677977,0.910086360407171,"Adult"
"335","P. tuahiniensis","POT-103",32.1952677083333,"32","0","Run5",-0.00040126776893014,-1.44456396814851,"Adult"
"336","P. tuahiniensis","POT-103",31.8621310606061,"32","560","Run5",0.000255860111879419,0.92109640276591,"Adult"
"337","P. tuahiniensis","POT-103",34.6783944444444,"35","0","Run5",-0.000480088120244867,-1.72831723288152,"Adult"
"338","P. tuahiniensis","POT-103",34.8017911764706,"35","560","Run5",3.52939469401603e-05,0.127058208984577,"Adult"
"339","P. tuahiniensis","POT-103",37.6305208333333,"38","0","Run5",-0.000244818670444555,-0.881347213600398,"Adult"
"340","P. tuahiniensis","POT-103",38.1526222222222,"38","560","Run5",-0.000210266964892468,-0.756961073612886,"Adult"
"341","P. tuahiniensis","POT-103",39.608771875,"40","0","Run5",-0.000159511960798857,-0.574243058875886,"Adult"
"342","P. tuahiniensis","POT-103",39.7399882352941,"40","560","Run5",-0.000284811188694891,-1.02532027930161,"Adult"
"343","P. tuahiniensis","POT-104",17.6371625,"17","0","Run5",-8.56257857542869e-05,-0.308252828715433,"Adult"
"344","P. tuahiniensis","POT-104",24.366895,"17","560","Run5",8.75583746568569e-05,0.315210148764685,"Adult"
"345","P. tuahiniensis","POT-104",21.8037125,"21","0","Run5",-9.54861653613638e-05,-0.34375019530091,"Adult"
"346","P. tuahiniensis","POT-104",22.2112431372549,"21","560","Run5",7.8257321508926e-05,0.281726357432134,"Adult"
"347","P. tuahiniensis","POT-104",24.4699745098039,"24","0","Run5",-9.93083825441531e-05,-0.357510177158951,"Adult"
"348","P. tuahiniensis","POT-104",24.6514274509804,"24","560","Run5",0.000114431379475526,0.411952966111892,"Adult"
"349","P. tuahiniensis","POT-104",28.1243135416667,"28","0","Run5",-0.000115745390322448,-0.416683405160812,"Adult"
"350","P. tuahiniensis","POT-104",28.1965268518519,"28","560","Run5",0.000145603868080881,0.524173925091172,"Adult"
"351","P. tuahiniensis","POT-104",29.9393745614035,"30","0","Run5",-0.000129284303043502,-0.465423490956607,"Adult"
"352","P. tuahiniensis","POT-104",29.9222843137255,"30","560","Run5",0.000127337097464699,0.458413550872916,"Adult"
"353","P. tuahiniensis","POT-104",32.10830625,"32","0","Run5",-0.000128048575850451,-0.460974873061623,"Adult"
"354","P. tuahiniensis","POT-104",31.7799931818182,"32","560","Run5",0.00013758228659832,0.495296231753951,"Adult"
"355","P. tuahiniensis","POT-104",34.6514425925926,"35","0","Run5",-0.000141798216736967,-0.510473580253082,"Adult"
"356","P. tuahiniensis","POT-104",34.8153176470588,"35","560","Run5",4.6452694720763e-05,0.167229700994747,"Adult"
"357","P. tuahiniensis","POT-104",37.372746875,"38","0","Run5",-0.000100119826903255,-0.360431376851718,"Adult"
"358","P. tuahiniensis","POT-104",37.8089740740741,"38","560","Run5",-6.23305108999865e-05,-0.224389839239951,"Adult"
"359","P. tuahiniensis","POT-104",39.3089697916667,"40","0","Run5",-6.27368473825574e-05,-0.225852650577207,"Adult"
"360","P. tuahiniensis","POT-104",39.5669823529412,"40","560","Run5",-0.000118187112967036,-0.425473606681328,"Adult"
"361","P. tuahiniensis","POT-105",17.5726822916667,"17","0","Run4",-0.000105835710585104,-0.381008558106375,"Adult"
"362","P. tuahiniensis","POT-105",17.5747470588235,"17","560","Run4",5.07050454050491e-05,0.182538163458177,"Adult"
"363","P. tuahiniensis","POT-105",21.4875921052632,"21","0","Run4",-4.78617298522949e-05,-0.172302227468262,"Adult"
"364","P. tuahiniensis","POT-105",21.938787254902,"21","560","Run4",0.000496707012257183,1.78814524412586,"Adult"
"365","P. tuahiniensis","POT-105",24.2210789473684,"24","0","Run4",-6.78600405629359e-05,-0.244296146026569,"Adult"
"366","P. tuahiniensis","POT-105",24.4949274509804,"24","560","Run4",0.00014239568108871,0.512624451919356,"Adult"
"367","P. tuahiniensis","POT-105",27.9336137254902,"28","0","Run4",-0.000129048705669557,-0.464575340410405,"Adult"
"368","P. tuahiniensis","POT-105",28.0130529411765,"28","560","Run4",0.000149940920454674,0.539787313636826,"Adult"
"369","P. tuahiniensis","POT-105",29.891415625,"30","0","Run4",-0.000158132582238457,-0.569277296058445,"Adult"
"370","P. tuahiniensis","POT-105",30.3614259259259,"30","560","Run4",0.000131615006483949,0.473814023342215,"Adult"
"371","P. tuahiniensis","POT-105",31.478721875,"32","0","Run4",-0.000179522240961487,-0.646280067461354,"Adult"
"372","P. tuahiniensis","POT-105",31.8144983333333,"32","560","Run4",7.61747308349638e-05,0.27422903100587,"Adult"
"373","P. tuahiniensis","POT-105",34.0933157407407,"35","0","Run4",-0.000165397472614565,-0.595430901412433,"Adult"
"374","P. tuahiniensis","POT-105",34.271412745098,"35","560","Run4",7.58896638096116e-05,0.273202789714602,"Adult"
"375","P. tuahiniensis","POT-105",36.9988049019608,"38","0","Run4",-0.00013091642055212,-0.471299113987632,"Adult"
"376","P. tuahiniensis","POT-105",37.4694018518518,"38","560","Run4",-0.00011510640315728,-0.414383051366208,"Adult"
"377","P. tuahiniensis","POT-105",37.6016854166667,"40","0","Run4",-0.000155212422290353,-0.558764720245269,"Adult"
"378","P. tuahiniensis","POT-105",38.4353259259259,"40","560","Run4",-4.64702865317509e-05,-0.167293031514303,"Adult"
"379","P. tuahiniensis","POT-106",17.688465625,"17","0","Run4",-6.49257368606103e-05,-0.233732652698197,"Adult"
"380","P. tuahiniensis","POT-106",17.6143421568627,"17","560","Run4",7.67695718804938e-05,0.276370458769778,"Adult"
"381","P. tuahiniensis","POT-106",21.6930456140351,"21","0","Run4",-8.99215892980107e-05,-0.323717721472839,"Adult"
"382","P. tuahiniensis","POT-106",22.151568627451,"21","560","Run4",0.000100827434920288,0.362978765713037,"Adult"
"383","P. tuahiniensis","POT-106",24.4456561403509,"24","0","Run4",-9.05396155586113e-05,-0.325942616011,"Adult"
"384","P. tuahiniensis","POT-106",24.7210078431373,"24","560","Run4",0.000139337633258407,0.501615479730266,"Adult"
"385","P. tuahiniensis","POT-106",28.2144598039216,"28","0","Run4",-0.000120465168693905,-0.433674607298059,"Adult"
"386","P. tuahiniensis","POT-106",28.4194617647059,"28","560","Run4",0.000167511381261838,0.603040972542616,"Adult"
"387","P. tuahiniensis","POT-106",30.205003125,"30","0","Run4",-0.000137453972525333,-0.494834301091199,"Adult"
"388","P. tuahiniensis","POT-106",30.783687037037,"30","560","Run4",0.000162943372110515,0.586596139597853,"Adult"
"389","P. tuahiniensis","POT-106",31.8457177083333,"32","0","Run4",-0.000176317979363122,-0.634744725707239,"Adult"
"390","P. tuahiniensis","POT-106",32.2883033333333,"32","560","Run4",9.67406154621701e-05,0.348266215663813,"Adult"
"391","P. tuahiniensis","POT-106",34.1991305555556,"35","0","Run4",-0.000181585226782687,-0.653706816417674,"Adult"
"392","P. tuahiniensis","POT-106",34.2365470588235,"35","560","Run4",7.84714634278802e-05,0.282497268340369,"Adult"
"393","P. tuahiniensis","POT-106",37.426168627451,"38","0","Run4",-7.82304267364352e-05,-0.281629536251167,"Adult"
"394","P. tuahiniensis","POT-106",37.8660462962963,"38","560","Run4",-7.11781253418788e-05,-0.256241251230764,"Adult"
"395","P. tuahiniensis","POT-106",37.92553125,"40","0","Run4",-0.00010047047693724,-0.361693716974062,"Adult"
"396","P. tuahiniensis","POT-106",38.9574453703704,"40","560","Run4",-5.3500314368629e-05,-0.192601131727065,"Adult"
"397","P. tuahiniensis","POT-108",17.7635333333333,"17","0","Run4",-0.000104299489809954,-0.375478163315835,"Adult"
"398","P. tuahiniensis","POT-108",17.6857362745098,"17","560","Run4",0.000137177397281776,0.493838630214394,"Adult"
"399","P. tuahiniensis","POT-108",21.7749605263158,"21","0","Run4",-0.000115876744437853,-0.417156279976272,"Adult"
"400","P. tuahiniensis","POT-108",22.2645529411765,"21","560","Run4",0.000149830581746852,0.539390094288667,"Adult"
"401","P. tuahiniensis","POT-108",24.4896745614035,"24","0","Run4",-0.000122760766629219,-0.441938759865189,"Adult"
"402","P. tuahiniensis","POT-108",24.8012882352941,"24","560","Run4",0.000203242119154505,0.731671628956218,"Adult"
"403","P. tuahiniensis","POT-108",28.2194049019608,"28","0","Run4",-0.000143748632605903,-0.517495077381252,"Adult"
"404","P. tuahiniensis","POT-108",28.4150588235294,"28","560","Run4",0.000257084123206947,0.925502843545009,"Adult"
"405","P. tuahiniensis","POT-108",30.2704041666667,"30","0","Run4",-0.00022108231779145,-0.795896344049219,"Adult"
"406","P. tuahiniensis","POT-108",30.7752092592593,"30","560","Run4",0.000232152104268174,0.835747575365426,"Adult"
"407","P. tuahiniensis","POT-108",31.8983604166667,"32","0","Run4",-0.000216131908101663,-0.778074869165986,"Adult"
"408","P. tuahiniensis","POT-108",32.304695,"32","560","Run4",0.00017571986076859,0.632591498766924,"Adult"
"409","P. tuahiniensis","POT-108",34.3802435185185,"35","0","Run4",-0.000195108798598007,-0.702391674952825,"Adult"
"410","P. tuahiniensis","POT-108",34.3277352941176,"35","560","Run4",0.000144124132576473,0.518846877275304,"Adult"
"411","P. tuahiniensis","POT-108",37.2944705882353,"38","0","Run4",-0.000133978002986478,-0.482320810751319,"Adult"
"412","P. tuahiniensis","POT-108",37.6314675925926,"38","560","Run4",-0.000121714803647947,-0.438173293132611,"Adult"
"413","P. tuahiniensis","POT-108",38.02391875,"40","0","Run4",-0.000128092697359975,-0.461133710495909,"Adult"
"414","P. tuahiniensis","POT-108",38.814912037037,"40","560","Run4",-6.29333152221225e-05,-0.226559934799641,"Adult"
"415","P. verrucosa","POV-101",17.626228125,"17","0","Run5",-7.4620899023011e-05,-0.26863523648284,"Adult"
"416","P. verrucosa","POV-101",24.5341575,"17","560","Run5",9.72359948282567e-05,0.350049581381724,"Adult"
"417","P. verrucosa","POV-101",21.8551166666667,"21","0","Run5",-6.81661378055333e-05,-0.24539809609992,"Adult"
"418","P. verrucosa","POV-101",22.2575960784314,"21","560","Run5",0.000100164431150419,0.360591952141507,"Adult"
"419","P. verrucosa","POV-101",24.5783950980392,"24","0","Run5",-6.99795407140437e-05,-0.251926346570557,"Adult"
"420","P. verrucosa","POV-101",24.7610009803922,"24","560","Run5",0.000200668029501101,0.722404906203963,"Adult"
"421","P. verrucosa","POV-101",28.31140625,"28","0","Run5",-8.96036244262847e-05,-0.322573047934625,"Adult"
"422","P. verrucosa","POV-101",28.4259490740741,"28","560","Run5",0.000203845967334372,0.733845482403738,"Adult"
"423","P. verrucosa","POV-101",30.1507201754386,"30","0","Run5",-9.72020495754352e-05,-0.349927378471567,"Adult"
"424","P. verrucosa","POV-101",30.1545362745098,"30","560","Run5",0.000190547118286348,0.685969625830854,"Adult"
"425","P. verrucosa","POV-101",32.3696375,"32","0","Run5",-9.67244188860092e-05,-0.348207907989633,"Adult"
"426","P. verrucosa","POV-101",32.0844022727273,"32","560","Run5",0.000219146270205167,0.788926572738602,"Adult"
"427","P. verrucosa","POV-101",34.8772231481481,"35","0","Run5",-0.00014473365643591,-0.521041163169278,"Adult"
"428","P. verrucosa","POV-101",35.0310568627451,"35","560","Run5",0.00010161533143201,0.365815193155237,"Adult"
"429","P. verrucosa","POV-101",37.7195041666667,"38","0","Run5",-6.91301618648684e-05,-0.248868582713526,"Adult"
"430","P. verrucosa","POV-101",38.2477166666667,"38","560","Run5",-4.26662505467476e-05,-0.153598501968291,"Adult"
"431","P. verrucosa","POV-101",39.62871875,"40","0","Run5",-4.69602589114908e-05,-0.169056932081367,"Adult"
"432","P. verrucosa","POV-101",40.0068058823529,"40","560","Run5",-6.40775204421791e-05,-0.230679073591845,"Adult"
"433","P. verrucosa","POV-102",17.0996385416667,"17","0","Run3",-9.78616914170188e-05,-0.352302089101268,"Adult"
"434","P. verrucosa","POV-102",17.0984460784314,"17","560","Run3",5.59182073590444e-05,0.20130554649256,"Adult"
"435","P. verrucosa","POV-102",21.4294072916667,"21","0","Run3",-0.000141605940842664,-0.509781387033591,"Adult"
"436","P. verrucosa","POV-102",21.6384525,"21","560","Run3",9.94213235203163e-05,0.357916764673139,"Adult"
"437","P. verrucosa","POV-102",24.3898666666667,"24","0","Run3",-0.000157527299206692,-0.567098277144092,"Adult"
"438","P. verrucosa","POV-102",24.65422,"24","560","Run3",0.000124220082916743,0.447192298500275,"Adult"
"439","P. verrucosa","POV-102",28.2088254901961,"28","0","Run3",-0.000187695760742427,-0.675704738672738,"Adult"
"440","P. verrucosa","POV-102",28.6704490740741,"28","560","Run3",0.000140310606784677,0.505118184424836,"Adult"
"441","P. verrucosa","POV-102",29.9723574074074,"30","0","Run3",-0.000187560133605377,-0.675216480979358,"Adult"
"442","P. verrucosa","POV-102",30.448548245614,"30","560","Run3",0.000114254281564529,0.411315413632306,"Adult"
"443","P. verrucosa","POV-102",31.7337088235294,"32","0","Run3",-0.000206757020073754,-0.744325272265513,"Adult"
"444","P. verrucosa","POV-102",31.9486137254902,"32","560","Run3",8.39164524034745e-05,0.302099228652508,"Adult"
"445","P. verrucosa","POV-102",34.7303825757576,"35","0","Run3",-0.000245102611184205,-0.88236940026314,"Adult"
"446","P. verrucosa","POV-102",35.0157176470588,"35","560","Run3",3.81761535273802e-05,0.137434152698569,"Adult"
"447","P. verrucosa","POV-102",37.3803592592593,"38","0","Run3",-0.00021237046133295,-0.764533660798622,"Adult"
"448","P. verrucosa","POV-102",37.36565,"38","560","Run3",-0.000191872814420146,-0.690742131912525,"Adult"
"449","P. verrucosa","POV-102",40.1328377777778,"40","0","Run3",-0.000165330715394323,-0.595190575419563,"Adult"
"450","P. verrucosa","POV-102",39.9363893263342,"40","560","Run3",-0.000249230402976796,-0.897229450716467,"Adult"
"451","P. verrucosa","POV-103",17.399746875,"17","0","Run3",-4.57055824100776e-05,-0.164540096676279,"Adult"
"452","P. verrucosa","POV-103",17.5837205882353,"17","560","Run3",7.82464948216213e-05,0.281687381357837,"Adult"
"453","P. verrucosa","POV-103",21.6035927083333,"21","0","Run3",-9.62982743251637e-05,-0.346673787570589,"Adult"
"454","P. verrucosa","POV-103",21.6424608333333,"21","560","Run3",0.00026450542621553,0.952219534375907,"Adult"
"455","P. verrucosa","POV-103",24.6500333333333,"24","0","Run3",-9.54751658811449e-05,-0.343710597172122,"Adult"
"456","P. verrucosa","POV-103",24.9006606666667,"24","560","Run3",9.320973663377e-05,0.335555051881572,"Adult"
"457","P. verrucosa","POV-103",28.422581372549,"28","0","Run3",-0.000115811981428871,-0.416923133143935,"Adult"
"458","P. verrucosa","POV-103",28.8481009259259,"28","560","Run3",0.000121313192215633,0.436727491976279,"Adult"
"459","P. verrucosa","POV-103",30.1386398148148,"30","0","Run3",-0.000121272272964198,-0.436580182671112,"Adult"
"460","P. verrucosa","POV-103",30.4134859649123,"30","560","Run3",0.000113862225820869,0.409904012955128,"Adult"
"461","P. verrucosa","POV-103",32.0705166666667,"32","0","Run3",-0.000135337601217344,-0.487215364382438,"Adult"
"462","P. verrucosa","POV-103",32.1823852941176,"32","560","Run3",9.13493524078181e-05,0.328857668668145,"Adult"
"463","P. verrucosa","POV-103",34.8465424242424,"35","0","Run3",-0.000142003654078115,-0.511213154681215,"Adult"
"464","P. verrucosa","POV-103",35.2265431372549,"35","560","Run3",5.62986800392173e-05,0.202675248141182,"Adult"
"465","P. verrucosa","POV-103",37.4883657407407,"38","0","Run3",-0.000131052204214821,-0.471787935173354,"Adult"
"466","P. verrucosa","POV-103",37.4983225490196,"38","560","Run3",-0.00010107065042436,-0.363854341527697,"Adult"
"467","P. verrucosa","POV-103",40.0666444444444,"40","0","Run3",-9.37911131955492e-05,-0.337648007503977,"Adult"
"468","P. verrucosa","POV-103",39.9826625,"40","560","Run3",-0.000145001834616808,-0.52200660462051,"Adult"
"469","P. verrucosa","POV-104",17.62736875,"17","0","Run5",-5.59749053471996e-05,-0.201509659249919,"Adult"
"470","P. verrucosa","POV-104",24.56568,"17","560","Run5",7.54459504771476e-05,0.271605421717731,"Adult"
"471","P. verrucosa","POV-104",21.79378125,"21","0","Run5",-7.01583691604944e-05,-0.25257012897778,"Adult"
"472","P. verrucosa","POV-104",22.1003960784314,"21","560","Run5",7.41196128589408e-05,0.266830606292187,"Adult"
"473","P. verrucosa","POV-104",24.5230784313726,"24","0","Run5",-7.72332740830765e-05,-0.278039786699075,"Adult"
"474","P. verrucosa","POV-104",24.6740705882353,"24","560","Run5",0.000107026391408381,0.385295009070171,"Adult"
"475","P. verrucosa","POV-104",28.2027458333333,"28","0","Run5",-9.54225726727143e-05,-0.343521261621771,"Adult"
"476","P. verrucosa","POV-104",28.2390027777778,"28","560","Run5",0.000119873083322474,0.431543099960908,"Adult"
"477","P. verrucosa","POV-104",30.0484964912281,"30","0","Run5",-0.000109913634615001,-0.395689084614004,"Adult"
"478","P. verrucosa","POV-104",30.0196647058824,"30","560","Run5",0.000116859346299704,0.420693646678936,"Adult"
"479","P. verrucosa","POV-104",32.257728125,"32","0","Run5",-0.000102791821501559,-0.370050557405611,"Adult"
"480","P. verrucosa","POV-104",31.9273606060606,"32","560","Run5",0.000123976846330118,0.446316646788424,"Adult"
"481","P. verrucosa","POV-104",34.7774296296296,"35","0","Run5",-0.000133252153641148,-0.479707753108132,"Adult"
"482","P. verrucosa","POV-104",34.943718627451,"35","560","Run5",6.62063507240898e-05,0.238342862606723,"Adult"
"483","P. verrucosa","POV-104",37.6415270833333,"38","0","Run5",-6.4107901890826e-05,-0.230788446806974,"Adult"
"484","P. verrucosa","POV-104",38.2020240740741,"38","560","Run5",-6.43189345325491e-05,-0.231548164317177,"Adult"
"485","P. verrucosa","POV-104",39.543040625,"40","0","Run5",-3.86368302742048e-05,-0.139092588987137,"Adult"
"486","P. verrucosa","POV-104",39.8137549019608,"40","560","Run5",-3.60172569831653e-05,-0.129662125139395,"Adult"
"487","P. verrucosa","POV-105",17.6635552083333,"17","0","Run5",-0.000109163120536283,-0.392987233930619,"Adult"
"488","P. verrucosa","POV-105",24.3962416666667,"17","560","Run5",0.000295638027753989,1.06429689991436,"Adult"
"489","P. verrucosa","POV-105",21.830084375,"21","0","Run5",-0.000100295484287916,-0.361063743436498,"Adult"
"490","P. verrucosa","POV-105",22.1780774509804,"21","560","Run5",0.000266351501516064,0.958865405457829,"Adult"
"491","P. verrucosa","POV-105",24.4765137254902,"24","0","Run5",-0.000114396379848044,-0.411826967452959,"Adult"
"492","P. verrucosa","POV-105",24.5782205882353,"24","560","Run5",0.000375433635352794,1.35156108727006,"Adult"
"493","P. verrucosa","POV-105",28.0422239583333,"28","0","Run5",-0.00016406676476178,-0.590640353142409,"Adult"
"494","P. verrucosa","POV-105",28.0384953703704,"28","560","Run5",0.000304936234212786,1.09777044316603,"Adult"
"495","P. verrucosa","POV-105",29.8993657894737,"30","0","Run5",-0.000181138989564727,-0.652100362433016,"Adult"
"496","P. verrucosa","POV-105",29.8427166666667,"30","560","Run5",0.000347768700584967,1.25196732210588,"Adult"
"497","P. verrucosa","POV-105",32.04828125,"32","0","Run5",-0.000175498103818606,-0.63179317374698,"Adult"
"498","P. verrucosa","POV-105",31.7045454545455,"32","560","Run5",0.000360179950017808,1.29664782006411,"Adult"
"499","P. verrucosa","POV-105",34.6550342592593,"35","0","Run5",-0.000237840494824565,-0.856225781368435,"Adult"
"500","P. verrucosa","POV-105",34.9065411764706,"35","560","Run5",0.000263790217764859,0.949644783953493,"Adult"
"501","P. verrucosa","POV-105",37.3431322916667,"38","0","Run5",-0.000122673906327512,-0.441626062779044,"Adult"
"502","P. verrucosa","POV-105",37.8295518518519,"38","560","Run5",-5.47157804185251e-05,-0.19697680950669,"Adult"
"503","P. verrucosa","POV-105",39.250734375,"40","0","Run5",-3.39373224386121e-05,-0.122174360779004,"Adult"
"504","P. verrucosa","POV-105",39.6653647058824,"40","560","Run5",-5.73109820602171e-05,-0.206319535416782,"Adult"
"505","P. verrucosa","POV-106",17.6068552083333,"17","0","Run4",-7.76637071829686e-05,-0.279589345858687,"Adult"
"506","P. verrucosa","POV-106",17.6672921568627,"17","560","Run4",6.06168553509743e-05,0.218220679263507,"Adult"
"507","P. verrucosa","POV-106",21.5386254385965,"21","0","Run4",-0.000102055446894174,-0.367399608819026,"Adult"
"508","P. verrucosa","POV-106",21.9916696078431,"21","560","Run4",8.53064000808648e-05,0.307103040291113,"Adult"
"509","P. verrucosa","POV-106",24.3029894736842,"24","0","Run4",-0.000113608396545128,-0.408990227562459,"Adult"
"510","P. verrucosa","POV-106",24.5478647058824,"24","560","Run4",0.000130234510503595,0.468844237812944,"Adult"
"511","P. verrucosa","POV-106",28.0214362745098,"28","0","Run4",-0.000150179369283825,-0.540645729421769,"Adult"
"512","P. verrucosa","POV-106",28.0798715686274,"28","560","Run4",0.000144342203853883,0.51963193387398,"Adult"
"513","P. verrucosa","POV-106",30.0585197916667,"30","0","Run4",-0.000176367548692609,-0.634923175293391,"Adult"
"514","P. verrucosa","POV-106",30.4078824074074,"30","560","Run4",0.000153602410598448,0.552968678154414,"Adult"
"515","P. verrucosa","POV-106",31.7567166666667,"32","0","Run4",-0.000191008504650642,-0.687630616742312,"Adult"
"516","P. verrucosa","POV-106",32.1311291666667,"32","560","Run4",8.95232321280221e-05,0.322283635660879,"Adult"
"517","P. verrucosa","POV-106",34.5904314814815,"35","0","Run4",-0.000194622011216821,-0.700639240380557,"Adult"
"518","P. verrucosa","POV-106",34.9571245098039,"35","560","Run4",1.79986480995619e-05,0.0647951331584227,"Adult"
"519","P. verrucosa","POV-106",37.2207274509804,"38","0","Run4",-0.000130789505480093,-0.470842219728336,"Adult"
"520","P. verrucosa","POV-106",37.6398324074074,"38","560","Run4",-0.000155070028931467,-0.558252104153282,"Adult"
"521","P. verrucosa","POV-106",37.85605625,"40","0","Run4",-0.000115780781111769,-0.416810812002369,"Adult"
"522","P. verrucosa","POV-106",38.593812962963,"40","560","Run4",-0.000104459451257126,-0.376054024525655,"Adult"
"523","P. verrucosa","POV-107",17.2059552083333,"17","0","Run3",-7.83874429089683e-05,-0.282194794472286,"Adult"
"524","P. verrucosa","POV-107",17.1866107843137,"17","560","Run3",3.38508116487632e-05,0.121862921935548,"Adult"
"525","P. verrucosa","POV-107",21.5802822916667,"21","0","Run3",-0.000116708212822124,-0.420149566159648,"Adult"
"526","P. verrucosa","POV-107",21.9336916666667,"21","560","Run3",4.53145544150892e-05,0.163132395894321,"Adult"
"527","P. verrucosa","POV-107",24.4891989583333,"24","0","Run3",-0.000134267666504025,-0.48336359941449,"Adult"
"528","P. verrucosa","POV-107",24.744976,"24","560","Run3",5.21348868833049e-05,0.187685592779897,"Adult"
"529","P. verrucosa","POV-107",28.2400519607843,"28","0","Run3",-0.000147481340143477,-0.530932824516516,"Adult"
"530","P. verrucosa","POV-107",28.6109851851852,"28","560","Run3",8.7221354592412e-05,0.313996876532683,"Adult"
"531","P. verrucosa","POV-107",30.0220555555556,"30","0","Run3",-0.000170203973583779,-0.612734304901603,"Adult"
"532","P. verrucosa","POV-107",30.4477526315789,"30","560","Run3",9.22495910285905e-05,0.332098527702926,"Adult"
"533","P. verrucosa","POV-107",31.7653196078431,"32","0","Run3",-0.000176075017766579,-0.633870063959684,"Adult"
"534","P. verrucosa","POV-107",31.9066980392157,"32","560","Run3",3.88359314855128e-05,0.139809353347846,"Adult"
"535","P. verrucosa","POV-107",34.7017007575758,"35","0","Run3",-0.00018673641471723,-0.672251092982027,"Adult"
"536","P. verrucosa","POV-107",34.8416098039216,"35","560","Run3",2.28897622616958e-05,0.0824031441421049,"Adult"
"537","P. verrucosa","POV-107",37.320225,"38","0","Run3",-0.000153821627418603,-0.553757858706969,"Adult"
"538","P. verrucosa","POV-107",37.2303264705882,"38","560","Run3",-0.000157027533343478,-0.565299120036519,"Adult"
"539","P. verrucosa","POV-107",40.0204588888889,"40","0","Run3",-0.000134245805824559,-0.483284900968412,"Adult"
"540","P. verrucosa","POV-107",39.77885,"40","560","Run3",-0.000205489889305275,-0.739763601498989,"Adult"
"541","P. verrucosa","POV-108",17.676459375,"17","0","Run5",-8.49999275953589e-05,-0.305999739343292,"Adult"
"542","P. verrucosa","POV-108",24.4809583333333,"17","560","Run5",0.000132858246692767,0.478289688093962,"Adult"
"543","P. verrucosa","POV-108",21.8633552083333,"21","0","Run5",-9.22535673153417e-05,-0.33211284233523,"Adult"
"544","P. verrucosa","POV-108",22.2938235294118,"21","560","Run5",0.000111252040113541,0.400507344408749,"Adult"
"545","P. verrucosa","POV-108",24.5432617647059,"24","0","Run5",-9.21874980048572e-05,-0.331874992817486,"Adult"
"546","P. verrucosa","POV-108",24.6792343137255,"24","560","Run5",0.000132799291311859,0.478077448722692,"Adult"
"547","P. verrucosa","POV-108",28.1483520833333,"28","0","Run5",-0.000142925724168868,-0.514532607007924,"Adult"
"548","P. verrucosa","POV-108",28.2276259259259,"28","560","Run5",0.000135214871760682,0.486773538338456,"Adult"
"549","P. verrucosa","POV-108",29.9818263157895,"30","0","Run5",-0.000156750205503534,-0.564300739812723,"Adult"
"550","P. verrucosa","POV-108",29.9604039215686,"30","560","Run5",0.000133194243703742,0.479499277333471,"Adult"
"551","P. verrucosa","POV-108",32.1823166666667,"32","0","Run5",-0.000141702013274756,-0.510127247789122,"Adult"
"552","P. verrucosa","POV-108",31.8490272727273,"32","560","Run5",7.93965103642286e-05,0.285827437311223,"Adult"
"553","P. verrucosa","POV-108",34.7031203703704,"35","0","Run5",-0.000218558782161405,-0.786811615781057,"Adult"
"554","P. verrucosa","POV-108",34.7041009803922,"35","560","Run5",0.000123761822324108,0.445542560366788,"Adult"
"555","P. verrucosa","POV-108",37.4890989583333,"38","0","Run5",-0.000134125846199419,-0.482853046317908,"Adult"
"556","P. verrucosa","POV-108",37.9426453703704,"38","560","Run5",-6.88740778327856e-05,-0.247946680198028,"Adult"
"557","P. verrucosa","POV-108",39.324809375,"40","0","Run5",-0.00012375259892039,-0.445509356113404,"Adult"
"558","P. verrucosa","POV-108",39.6557176470588,"40","560","Run5",-9.36669638803483e-05,-0.337201069969254,"Adult"
"559","Recruit","REC-106",17.47759375,"17","0","Run4",-0.000100732144444015,-0.362635719998453,"Recruit"
"560","Recruit","REC-106",17.5377578431373,"17","560","Run4",2.9094012173287e-05,0.104738443823833,"Recruit"
"561","Recruit","REC-106",21.34125,"21","0","Run4",-0.000112332695924247,-0.40439770532729,"Recruit"
"562","Recruit","REC-106",21.5937245098039,"21","560","Run4",4.54773871690002e-05,0.163718593808401,"Recruit"
"563","Recruit","REC-106",24.2884754385965,"24","0","Run4",-7.61593920835489e-05,-0.274173811500776,"Recruit"
"564","Recruit","REC-106",24.5768166666667,"24","560","Run4",0.000157175514595586,0.56583185254411,"Recruit"
"565","Recruit","REC-106",28.0275490196078,"28","0","Run4",-7.5892346956132e-05,-0.273212449042075,"Recruit"
"566","Recruit","REC-106",28.1727852941176,"28","560","Run4",0.000216475265379233,0.77931095536524,"Recruit"
"567","Recruit","REC-106",30.018703125,"30","0","Run4",-0.00014123823517729,-0.508457646638245,"Recruit"
"568","Recruit","REC-106",30.5413175925926,"30","560","Run4",0.000164364759688191,0.591713134877488,"Recruit"
"569","Recruit","REC-106",31.7586510416667,"32","0","Run4",-0.000203452747290134,-0.732429890244482,"Recruit"
"570","Recruit","REC-106",32.1056858333333,"32","560","Run4",9.6000126988047e-05,0.345600457156969,"Recruit"
"571","Recruit","REC-106",34.4511018518519,"35","0","Run4",-0.000143676722996157,-0.517236202786165,"Recruit"
"572","Recruit","REC-106",34.6659039215686,"35","560","Run4",5.878786113617e-05,0.211636300090212,"Recruit"
"573","Recruit","REC-106",37.3585088235294,"38","0","Run4",-0.000146323748153027,-0.526765493350896,"Recruit"
"574","Recruit","REC-106",37.7712972222222,"38","560","Run4",1.39000860643528e-05,0.0500403098316701,"Recruit"
"575","Recruit","REC-106",37.9256864583333,"40","0","Run4",-0.000189510193199696,-0.682236695518906,"Recruit"
"576","Recruit","REC-106",38.6443592592593,"40","560","Run4",9.91327947339398e-06,0.0356878061042183,"Recruit"
"577","Recruit","REC-109",17.5076791666667,"17","0","Run4",-4.84078062690145e-05,-0.174268102568452,"Recruit"
"578","Recruit","REC-109",17.5698656862745,"17","560","Run4",7.87537360298039e-05,0.283513449707294,"Recruit"
"579","Recruit","REC-109",21.5261640350877,"21","0","Run4",-0.000124065370367874,-0.446635333324348,"Recruit"
"580","Recruit","REC-109",21.9586049019608,"21","560","Run4",7.97376106264741e-06,0.0287055398255307,"Recruit"
"581","Recruit","REC-109",24.3595429824561,"24","0","Run4",-9.17312577047012e-05,-0.330232527736924,"Recruit"
"582","Recruit","REC-109",24.6224568627451,"24","560","Run4",0.000118096989951852,0.425149163826668,"Recruit"
"583","Recruit","REC-109",28.101981372549,"28","0","Run4",-0.000104177235472116,-0.375038047699618,"Recruit"
"584","Recruit","REC-109",28.2423333333333,"28","560","Run4",0.00018540966205226,0.667474783388137,"Recruit"
"585","Recruit","REC-109",30.170325,"30","0","Run4",-0.000130360219631959,-0.469296790675052,"Recruit"
"586","Recruit","REC-109",30.6873074074074,"30","560","Run4",0.000161089028407481,0.579920502266933,"Recruit"
"587","Recruit","REC-109",31.903025,"32","0","Run4",-0.000179871347568105,-0.647536851245177,"Recruit"
"588","Recruit","REC-109",32.3172566666667,"32","560","Run4",8.20373053464817e-05,0.295334299247334,"Recruit"
"589","Recruit","REC-109",34.7350509259259,"35","0","Run4",-0.000139253776554124,-0.501313595594845,"Recruit"
"590","Recruit","REC-109",34.9059725490196,"35","560","Run4",2.49791512714773e-05,0.0899249445773184,"Recruit"
"591","Recruit","REC-109",37.50375,"38","0","Run4",-0.000116929720063274,-0.420946992227785,"Recruit"
"592","Recruit","REC-109",38.0071287037037,"38","560","Run4",-0.000222051419405255,-0.799385109858917,"Recruit"
"593","Recruit","REC-109",38.0838041666667,"40","0","Run4",6.15187954227027e-05,0.22146766352173,"Recruit"
"594","Recruit","REC-109",38.9375546296296,"40","560","Run4",6.39443352758737e-05,0.230199606993145,"Recruit"
"595","Recruit","REC-111",17.0581520833333,"17","0","Run3",-5.23015399594088e-05,-0.188285543853872,"Recruit"
"596","Recruit","REC-111",17.0919862745098,"17","560","Run3",4.53511071288462e-05,0.163263985663846,"Recruit"
"597","Recruit","REC-111",21.3160822916667,"21","0","Run3",-8.25021376942678e-05,-0.297007695699364,"Recruit"
"598","Recruit","REC-111",21.4347183333333,"21","560","Run3",9.21417968354517e-05,0.331710468607626,"Recruit"
"599","Recruit","REC-111",24.3005979166667,"24","0","Run3",-9.40677791252477e-05,-0.338644004850892,"Recruit"
"600","Recruit","REC-111",24.554374,"24","560","Run3",0.000118478898817785,0.426524035744025,"Recruit"
"601","Recruit","REC-111",28.050581372549,"28","0","Run3",-8.98605202164614e-05,-0.323497872779261,"Recruit"
"602","Recruit","REC-111",28.3738361111111,"28","560","Run3",0.000150113420662342,0.54040831438443,"Recruit"
"603","Recruit","REC-111",29.842775,"30","0","Run3",-0.000113041338913966,-0.406948820090276,"Recruit"
"604","Recruit","REC-111",30.2730929824561,"30","560","Run3",0.000156910312253795,0.564877124113663,"Recruit"
"605","Recruit","REC-111",31.5675705882353,"32","0","Run3",-0.000109177398083301,-0.393038633099885,"Recruit"
"606","Recruit","REC-111",31.7136950980392,"32","560","Run3",9.14613678992623e-05,0.329260924437344,"Recruit"
"607","Recruit","REC-111",34.4922106060606,"35","0","Run3",-0.000133207873674479,-0.479548345228126,"Recruit"
"608","Recruit","REC-111",34.7238676470588,"35","560","Run3",9.56548971229287e-05,0.344357629642543,"Recruit"
"609","Recruit","REC-111",37.1941083333333,"38","0","Run3",-0.000126629823620899,-0.455867365035237,"Recruit"
"610","Recruit","REC-111",37.2275303921569,"38","560","Run3",-0.000107498942797121,-0.386996194069637,"Recruit"
"611","Recruit","REC-111",39.9484855555556,"40","0","Run3",-5.85956023903666e-05,-0.21094416860532,"Recruit"
"612","Recruit","REC-111",39.8110639229422,"40","560","Run3",-0.000201516152292955,-0.725458148254637,"Recruit"
"613","Recruit","REC-112",17.73623125,"17","0","Run4",-0.000109153010605224,-0.392950838178808,"Recruit"
"614","Recruit","REC-112",17.6259411764706,"17","560","Run4",6.33695702220771e-06,0.0228130452799477,"Recruit"
"615","Recruit","REC-112",21.7722219298246,"21","0","Run4",-0.000111447999537605,-0.401212798335377,"Recruit"
"616","Recruit","REC-112",22.3092196078431,"21","560","Run4",-4.58973151644061e-05,-0.165230334591862,"Recruit"
"617","Recruit","REC-112",24.5159078947368,"24","0","Run4",-5.62020221385014e-05,-0.202327279698605,"Recruit"
"618","Recruit","REC-112",24.8858323529412,"24","560","Run4",3.01346393095668e-05,0.108484701514441,"Recruit"
"619","Recruit","REC-112",28.2489715686275,"28","0","Run4",-6.88161069813789e-05,-0.247737985132964,"Recruit"
"620","Recruit","REC-112",28.4440715686275,"28","560","Run4",8.1979195208433e-05,0.295125102750359,"Recruit"
"621","Recruit","REC-112",30.2518583333333,"30","0","Run4",-0.000141720496648365,-0.510193787934113,"Recruit"
"622","Recruit","REC-112",30.8390962962963,"30","560","Run4",0.000114273172726593,0.411383421815734,"Recruit"
"623","Recruit","REC-112",31.8471208333333,"32","0","Run4",-0.000166991462196702,-0.601169263908127,"Recruit"
"624","Recruit","REC-112",32.2939516666667,"32","560","Run4",-4.09178713176249e-05,-0.147304336743449,"Recruit"
"625","Recruit","REC-112",34.3920777777778,"35","0","Run4",-0.000214436517751224,-0.771971463904405,"Recruit"
"626","Recruit","REC-112",34.3537166666667,"35","560","Run4",-4.40424497729941e-05,-0.158552819182779,"Recruit"
"627","Recruit","REC-112",37.2945343137255,"38","0","Run4",-0.00017650659051075,-0.6354237258387,"Recruit"
"628","Recruit","REC-112",37.6501388888889,"38","560","Run4",-0.000194839324204002,-0.701421567134408,"Recruit"
"629","Recruit","REC-112",37.9823583333333,"40","0","Run4",-0.000152958221181735,-0.550649596254246,"Recruit"
"630","Recruit","REC-112",38.8292935185185,"40","560","Run4",1.52808809423523e-05,0.0550111713924683,"Recruit"
"631","Recruit","REC-122",17.3307708333333,"17","0","Run3",-4.74603569538358e-05,-0.170857285033809,"Recruit"
"632","Recruit","REC-122",17.3143549019608,"17","560","Run3",3.6260114107135e-05,0.130536410785686,"Recruit"
"633","Recruit","REC-122",21.623478125,"21","0","Run3",-9.74571463033274e-05,-0.350845726691979,"Recruit"
"634","Recruit","REC-122",21.8899091666667,"21","560","Run3",4.39780448655408e-05,0.158320961515947,"Recruit"
"635","Recruit","REC-122",24.523378125,"24","0","Run3",-7.15174676385711e-05,-0.257462883498856,"Recruit"
"636","Recruit","REC-122",24.8702493333333,"24","560","Run3",9.26364642372945e-05,0.33349127125426,"Recruit"
"637","Recruit","REC-122",28.304837254902,"28","0","Run3",-4.83853238246712e-05,-0.174187165768816,"Recruit"
"638","Recruit","REC-122",28.9448546296296,"28","560","Run3",0.000175549482258655,0.631978136131159,"Recruit"
"639","Recruit","REC-122",30.1664851851852,"30","0","Run3",-8.30537313919491e-05,-0.298993433011017,"Recruit"
"640","Recruit","REC-122",30.5899289473684,"30","560","Run3",0.000174637357044097,0.62869448535875,"Recruit"
"641","Recruit","REC-122",31.6655960784314,"32","0","Run3",-8.70669436131378e-05,-0.313440997007296,"Recruit"
"642","Recruit","REC-122",31.9737333333333,"32","560","Run3",9.47982471991728e-05,0.341273689917022,"Recruit"
"643","Recruit","REC-122",34.7140583333333,"35","0","Run3",-9.22159730545191e-05,-0.331977502996269,"Recruit"
"644","Recruit","REC-122",34.9236607843137,"35","560","Run3",9.76866512575665e-05,0.351671944527239,"Recruit"
"645","Recruit","REC-122",37.2057851851852,"38","0","Run3",-0.000161975868645902,-0.583113127125246,"Recruit"
"646","Recruit","REC-122",37.2458960784314,"38","560","Run3",-0.000139342583457239,-0.50163330044606,"Recruit"
"647","Recruit","REC-122",39.8233455555556,"40","0","Run3",-0.000134150443864729,-0.482941597913025,"Recruit"
"648","Recruit","REC-122",39.78149,"40","560","Run3",-0.000203818462422268,-0.733746464720165,"Recruit"
"649","Recruit","REC-128",17.7437322916667,"17","0","Run4",-0.000117856661304752,-0.424283980697107,"Recruit"
"650","Recruit","REC-128",17.6720823529412,"17","560","Run4",1.68615885897606e-05,0.0607017189231383,"Recruit"
"651","Recruit","REC-128",21.7631921052632,"21","0","Run4",-8.92850498056406e-05,-0.321426179300306,"Recruit"
"652","Recruit","REC-128",22.2247715686274,"21","560","Run4",6.25722596338046e-05,0.225260134681697,"Recruit"
"653","Recruit","REC-128",24.5380192982456,"24","0","Run4",-7.78941301323009e-05,-0.280418868476283,"Recruit"
"654","Recruit","REC-128",24.7721470588235,"24","560","Run4",0.000142329444991796,0.512386001970466,"Recruit"
"655","Recruit","REC-128",28.3028598039216,"28","0","Run4",-0.000115348400235329,-0.415254240847184,"Recruit"
"656","Recruit","REC-128",28.4119833333333,"28","560","Run4",0.000107095489892419,0.385543763612707,"Recruit"
"657","Recruit","REC-128",30.3486604166667,"30","0","Run4",-0.000171541640973881,-0.617549907505971,"Recruit"
"658","Recruit","REC-128",30.8505481481481,"30","560","Run4",0.000204874207036701,0.737547145332124,"Recruit"
"659","Recruit","REC-128",32.195909375,"32","0","Run4",-0.000210648083299743,-0.758333099879076,"Recruit"
"660","Recruit","REC-128",32.4937116666667,"32","560","Run4",1.11695903375375e-05,0.0402105252151349,"Recruit"
"661","Recruit","REC-128",34.8506481481481,"35","0","Run4",-0.000270044267087821,-0.972159361516155,"Recruit"
"662","Recruit","REC-128",34.7868088235294,"35","560","Run4",-5.52474891036065e-05,-0.198890960772983,"Recruit"
"663","Recruit","REC-128",37.7293784313725,"38","0","Run4",-7.45124277976815e-05,-0.268244740071653,"Recruit"
"664","Recruit","REC-128",37.889887037037,"38","560","Run4",-0.000294263461879951,-1.05934846276782,"Recruit"
"665","Recruit","REC-128",38.24780625,"40","0","Run4",-0.000173696343205419,-0.625306835539509,"Recruit"
"666","Recruit","REC-128",39.1648305555556,"40","560","Run4",3.03034938663836e-05,0.109092577918981,"Recruit"
"667","Recruit","REC-129",17.7878010416667,"17","0","Run4",-5.43572889278551e-05,-0.195686240140278,"Recruit"
"668","Recruit","REC-129",17.6450166666667,"17","560","Run4",7.86086662436969e-05,0.282991198477309,"Recruit"
"669","Recruit","REC-129",21.8381640350877,"21","0","Run4",-6.88024833291815e-05,-0.247688939985053,"Recruit"
"670","Recruit","REC-129",22.4465323529412,"21","560","Run4",9.05028756260827e-05,0.325810352253898,"Recruit"
"671","Recruit","REC-129",24.4923201754386,"24","0","Run4",-5.02671872854607e-05,-0.180961874227658,"Recruit"
"672","Recruit","REC-129",24.9045745098039,"24","560","Run4",0.000110720648921031,0.398594336115713,"Recruit"
"673","Recruit","REC-129",28.22125,"28","0","Run4",-5.1617908933984e-05,-0.185824472162342,"Recruit"
"674","Recruit","REC-129",28.4730303921569,"28","560","Run4",0.000161864556665348,0.582712403995254,"Recruit"
"675","Recruit","REC-129",30.2012052083333,"30","0","Run4",-0.000106283572455823,-0.382620860840963,"Recruit"
"676","Recruit","REC-129",30.821362962963,"30","560","Run4",0.000167064592826612,0.601432534175802,"Recruit"
"677","Recruit","REC-129",31.728409375,"32","0","Run4",-0.000124453343644049,-0.448032037118576,"Recruit"
"678","Recruit","REC-129",32.1679483333333,"32","560","Run4",0.000100694020517292,0.362498473862252,"Recruit"
"679","Recruit","REC-129",33.9883592592593,"35","0","Run4",-0.000142245703401516,-0.512084532245457,"Recruit"
"680","Recruit","REC-129",34.0074156862745,"35","560","Run4",5.19804484984624e-05,0.187129614594465,"Recruit"
"681","Recruit","REC-129",36.8447607843137,"38","0","Run4",-5.2816174827165e-05,-0.190138229377794,"Recruit"
"682","Recruit","REC-129",37.277812962963,"38","560","Run4",-5.3905610012652e-05,-0.194060196045547,"Recruit"
"683","Recruit","REC-129",37.7233989583333,"40","0","Run4",-8.43964529310089e-05,-0.303827230551632,"Recruit"
"684","Recruit","REC-129",38.7136722222222,"40","560","Run4",-2.70740059747508e-05,-0.0974664215091028,"Recruit"
"685","Recruit","REC-130",17.294809375,"17","0","Run3",-5.89454817978914e-05,-0.212203734472409,"Recruit"
"686","Recruit","REC-130",17.2857147058824,"17","560","Run3",4.31186824920793e-05,0.155227256971485,"Recruit"
"687","Recruit","REC-130",21.5959364583333,"21","0","Run3",-0.000106260068846813,-0.382536247848528,"Recruit"
"688","Recruit","REC-130",21.83435,"21","560","Run3",1.75534151504389e-05,0.06319229454158,"Recruit"
"689","Recruit","REC-130",24.5427229166667,"24","0","Run3",-6.82532894949355e-05,-0.245711842181768,"Recruit"
"690","Recruit","REC-130",24.879638,"24","560","Run3",8.62544364368203e-05,0.310515971172553,"Recruit"
"691","Recruit","REC-130",28.3913676470588,"28","0","Run3",-3.62554292342389e-05,-0.13051954524326,"Recruit"
"692","Recruit","REC-130",29.1037990740741,"28","560","Run3",0.000177344466428416,0.638440079142297,"Recruit"
"693","Recruit","REC-130",30.138087962963,"30","0","Run3",-6.91868449527214e-05,-0.249072641829797,"Recruit"
"694","Recruit","REC-130",30.7074815789474,"30","560","Run3",0.000203994939927907,0.734381783740464,"Recruit"
"695","Recruit","REC-130",31.8293323529412,"32","0","Run3",-5.60367633291763e-05,-0.201732347985035,"Recruit"
"696","Recruit","REC-130",32.1927637254902,"32","560","Run3",7.6333999486073e-05,0.274802398149863,"Recruit"
"697","Recruit","REC-130",34.8414803030303,"35","0","Run3",-9.7851453154669e-05,-0.352265231356808,"Recruit"
"698","Recruit","REC-130",35.1876960784314,"35","560","Run3",9.10489168491137e-05,0.327776100656809,"Recruit"
"699","Recruit","REC-130",37.3995546296296,"38","0","Run3",-5.99734297688042e-05,-0.215904347167695,"Recruit"
"700","Recruit","REC-130",37.4797078431373,"38","560","Run3",-0.00011350993371749,-0.408635761382965,"Recruit"
"701","Recruit","REC-130",39.9160177777778,"40","0","Run3",-4.85190702810873e-05,-0.174668653011914,"Recruit"
"702","Recruit","REC-130",39.8590375,"40","560","Run3",-0.000253164415394439,-0.911391895419979,"Recruit"
"703","Recruit","REC-132",17.43558125,"17","0","Run4",-0.000144564360837253,-0.52043169901411,"Recruit"
"704","Recruit","REC-132",17.4398470588235,"17","560","Run4",-6.46891938400175e-05,-0.232881097824063,"Recruit"
"705","Recruit","REC-132",21.4047122807018,"21","0","Run4",-0.000106819503283517,-0.38455021182066,"Recruit"
"706","Recruit","REC-132",21.8372196078431,"21","560","Run4",8.07686033332681e-05,0.290766971999765,"Recruit"
"707","Recruit","REC-132",24.1734175438596,"24","0","Run4",-9.0986631283434e-05,-0.327551872620363,"Recruit"
"708","Recruit","REC-132",24.4371980392157,"24","560","Run4",0.000160106807878676,0.576384508363235,"Recruit"
"709","Recruit","REC-132",28.0158598039216,"28","0","Run4",-0.000111121843748304,-0.400038637493895,"Recruit"
"710","Recruit","REC-132",28.0463058823529,"28","560","Run4",0.000143895062417183,0.518022224701858,"Recruit"
"711","Recruit","REC-132",29.97061875,"30","0","Run4",-0.000142959339491,-0.514653622167598,"Recruit"
"712","Recruit","REC-132",30.4711509259259,"30","560","Run4",0.000178415252196876,0.642294907908755,"Recruit"
"713","Recruit","REC-132",31.6083322916667,"32","0","Run4",-0.000174706417774406,-0.62894310398786,"Recruit"
"714","Recruit","REC-132",31.970305,"32","560","Run4",7.60891379604894e-05,0.273920896657762,"Recruit"
"715","Recruit","REC-132",34.5296046296296,"35","0","Run4",-0.000187998886744056,-0.676795992278603,"Recruit"
"716","Recruit","REC-132",34.8170225490196,"35","560","Run4",4.84778656735825e-05,0.174520316424897,"Recruit"
"717","Recruit","REC-132",37.1669421568627,"38","0","Run4",-0.000151640653239234,-0.545906351661241,"Recruit"
"718","Recruit","REC-132",37.6703842592593,"38","560","Run4",-0.000125903419347616,-0.453252309651419,"Recruit"
"719","Recruit","REC-132",37.8043614583333,"40","0","Run4",-0.000177561885223114,-0.639222786803209,"Recruit"
"720","Recruit","REC-132",38.5727009259259,"40","560","Run4",-3.72985865767543e-05,-0.134274911676315,"Recruit"
"721","Recruit","REC-134",17.0967614583333,"17","0","Run3",-6.23989623581927e-05,-0.224636264489494,"Recruit"
"722","Recruit","REC-134",17.0866382352941,"17","560","Run3",5.22633683077705e-05,0.188148125907974,"Recruit"
"723","Recruit","REC-134",21.4395447916667,"21","0","Run3",-8.84601088962654e-05,-0.318456392026555,"Recruit"
"724","Recruit","REC-134",21.5933083333333,"21","560","Run3",5.73417087739992e-05,0.206430151586397,"Recruit"
"725","Recruit","REC-134",24.4318895833333,"24","0","Run3",-8.40360797548214e-05,-0.302529887117357,"Recruit"
"726","Recruit","REC-134",24.6802706666667,"24","560","Run3",8.62050223043443e-05,0.31033808029564,"Recruit"
"727","Recruit","REC-134",28.2314745098039,"28","0","Run3",-7.94315186563632e-05,-0.285953467162907,"Recruit"
"728","Recruit","REC-134",28.5433037037037,"28","560","Run3",0.000122650650070424,0.441542340253527,"Recruit"
"729","Recruit","REC-134",30.0560055555556,"30","0","Run3",-0.000106263130039105,-0.382547268140777,"Recruit"
"730","Recruit","REC-134",30.4155964912281,"30","560","Run3",0.000133394969637057,0.480221890693404,"Recruit"
"731","Recruit","REC-134",31.8457098039216,"32","0","Run3",-9.83992192693783e-05,-0.354237189369762,"Recruit"
"732","Recruit","REC-134",31.9003411764706,"32","560","Run3",6.02322082513556e-05,0.21683594970488,"Recruit"
"733","Recruit","REC-134",34.9352636363636,"35","0","Run3",-0.000214017263645921,-0.770462149125316,"Recruit"
"734","Recruit","REC-134",35.0011411764706,"35","560","Run3",7.08936238685826e-05,0.255217045926897,"Recruit"
"735","Recruit","REC-134",37.5327009259259,"38","0","Run3",-8.64254156251283e-05,-0.311131496250462,"Recruit"
"736","Recruit","REC-134",37.4504892156863,"38","560","Run3",-0.000134923330419062,-0.485723989508622,"Recruit"
"737","Recruit","REC-134",40.3979966666667,"40","0","Run3",-2.51964276250505e-05,-0.0907071394501817,"Recruit"
"738","Recruit","REC-134",40.0447589833479,"40","560","Run3",-0.000218253629467838,-0.785713066084215,"Recruit"
"739","Recruit","REC-135",17.3744666666667,"17","0","Run3",-4.10604676886164e-05,-0.147817683679019,"Recruit"
"740","Recruit","REC-135",17.3753882352941,"17","560","Run3",5.6946281990252e-05,0.205006615164907,"Recruit"
"741","Recruit","REC-135",21.6954520833333,"21","0","Run3",-0.000100610541326059,-0.362197948773812,"Recruit"
"742","Recruit","REC-135",22.1320658333333,"21","560","Run3",8.18918393079492e-05,0.294810621508617,"Recruit"
"743","Recruit","REC-135",24.5428145833333,"24","0","Run3",-8.89273569771035e-05,-0.320138485117572,"Recruit"
"744","Recruit","REC-135",24.834172,"24","560","Run3",0.000131297903578083,0.472672452881098,"Recruit"
"745","Recruit","REC-135",28.2823490196078,"28","0","Run3",-6.71356771761281e-05,-0.241688437834061,"Recruit"
"746","Recruit","REC-135",28.7106722222222,"28","560","Run3",0.000198579360308234,0.714885697109642,"Recruit"
"747","Recruit","REC-135",30.0579842592593,"30","0","Run3",-0.000107393985661643,-0.386618348381915,"Recruit"
"748","Recruit","REC-135",30.4696543859649,"30","560","Run3",0.000207742369266498,0.747872529359394,"Recruit"
"749","Recruit","REC-135",31.7484823529412,"32","0","Run3",-0.000114617128265479,-0.412621661755725,"Recruit"
"750","Recruit","REC-135",31.9124450980392,"32","560","Run3",9.6903131004791e-05,0.348851271617248,"Recruit"
"751","Recruit","REC-135",34.656825,"35","0","Run3",-0.000132988058097503,-0.478757009151012,"Recruit"
"752","Recruit","REC-135",34.8255558823529,"35","560","Run3",9.12875757933678e-05,0.328635272856124,"Recruit"
"753","Recruit","REC-135",37.3041657407407,"38","0","Run3",-0.000143157547730696,-0.515367171830506,"Recruit"
"754","Recruit","REC-135",37.1754764705882,"38","560","Run3",-0.000162464428411914,-0.584871942282892,"Recruit"
"755","Recruit","REC-135",39.9173722222222,"40","0","Run3",-0.000186922713931134,-0.672921770152083,"Recruit"
"756","Recruit","REC-135",39.6428816666667,"40","560","Run3",-0.000297344239676361,-1.0704392628349,"Recruit"
"757","Recruit","REC-136",17.3396145833333,"17","0","Run3",-5.08614513578076e-05,-0.183101224888107,"Recruit"
"758","Recruit","REC-136",17.3489558823529,"17","560","Run3",4.96684014281654e-05,0.178806245141395,"Recruit"
"759","Recruit","REC-136",21.6572270833333,"21","0","Run3",-7.37187122376076e-05,-0.265387364055387,"Recruit"
"760","Recruit","REC-136",21.8885375,"21","560","Run3",6.06367132601983e-05,0.218292167736714,"Recruit"
"761","Recruit","REC-136",24.6159864583333,"24","0","Run3",-6.89302688388479e-05,-0.248148967819853,"Recruit"
"762","Recruit","REC-136",24.8900513333333,"24","560","Run3",9.25372432991723e-05,0.33313407587702,"Recruit"
"763","Recruit","REC-136",28.4147264705882,"28","0","Run3",-7.18107175083793e-05,-0.258518583030165,"Recruit"
"764","Recruit","REC-136",28.8826574074074,"28","560","Run3",0.000146578494374355,0.527682579747678,"Recruit"
"765","Recruit","REC-136",30.1971018518519,"30","0","Run3",-9.10583670819036e-05,-0.327810121494853,"Recruit"
"766","Recruit","REC-136",30.6583535087719,"30","560","Run3",0.000166790327736483,0.60044517985134,"Recruit"
"767","Recruit","REC-136",31.9344941176471,"32","0","Run3",-9.88349036071169e-05,-0.355805652985621,"Recruit"
"768","Recruit","REC-136",32.1574088235294,"32","560","Run3",0.000112673513916937,0.405624650100972,"Recruit"
"769","Recruit","REC-136",34.8952560606061,"35","0","Run3",-7.79004554624191e-05,-0.280441639664709,"Recruit"
"770","Recruit","REC-136",35.2676725490196,"35","560","Run3",9.98110695768941e-05,0.359319850476819,"Recruit"
"771","Recruit","REC-136",37.5276703703704,"38","0","Run3",-7.71028169214598e-05,-0.277570140917255,"Recruit"
"772","Recruit","REC-136",37.5198745098039,"38","560","Run3",-7.74012445658601e-05,-0.278644480437096,"Recruit"
"773","Recruit","REC-136",40.1924022222222,"40","0","Run3",-6.16628551546217e-05,-0.221986278556638,"Recruit"
"774","Recruit","REC-136",40.0791733333333,"40","560","Run3",-0.000155461475224888,-0.559661310809596,"Recruit"
"775","Recruit","REC-138",17.0254208333333,"17","0","Run3",-7.10011216686846e-05,-0.255604038007265,"Recruit"
"776","Recruit","REC-138",17.0319107843137,"17","560","Run3",2.81737457228175e-05,0.101425484602143,"Recruit"
"777","Recruit","REC-138",21.321609375,"21","0","Run3",-8.8011008241789e-05,-0.31683962967044,"Recruit"
"778","Recruit","REC-138",21.5287308333333,"21","560","Run3",5.69140528996404e-05,0.204890590438706,"Recruit"
"779","Recruit","REC-138",24.292853125,"24","0","Run3",-6.91639594917651e-05,-0.248990254170354,"Recruit"
"780","Recruit","REC-138",24.526556,"24","560","Run3",0.000109959544505399,0.395854360219437,"Recruit"
"781","Recruit","REC-138",28.0811078431373,"28","0","Run3",-6.69574383840479e-05,-0.241046778182572,"Recruit"
"782","Recruit","REC-138",28.5589138888889,"28","560","Run3",0.000195774799553854,0.704789278393876,"Recruit"
"783","Recruit","REC-138",30.0107157407407,"30","0","Run3",-7.76881931465928e-05,-0.279677495327734,"Recruit"
"784","Recruit","REC-138",30.4719421052632,"30","560","Run3",0.000164249462584037,0.591298065302533,"Recruit"
"785","Recruit","REC-138",31.5787352941176,"32","0","Run3",-9.15249796019946e-05,-0.329489926567181,"Recruit"
"786","Recruit","REC-138",31.8527676470588,"32","560","Run3",5.61252470738068e-05,0.202050889465705,"Recruit"
"787","Recruit","REC-138",34.71575,"35","0","Run3",-0.000174590762283254,-0.628526744219714,"Recruit"
"788","Recruit","REC-138",34.9008921568627,"35","560","Run3",0.000143035172110461,0.514926619597661,"Recruit"
"789","Recruit","REC-138",37.2088518518519,"38","0","Run3",-8.49564109869566e-05,-0.305843079553044,"Recruit"
"790","Recruit","REC-138",37.2346029411765,"38","560","Run3",-0.000177658685398033,-0.639571267432919,"Recruit"
"791","Recruit","REC-138",39.9910933333333,"40","0","Run3",-8.37859829092823e-05,-0.301629538473416,"Recruit"
"792","Recruit","REC-138",40.1202371495327,"40","560","Run3",-0.00025496541511766,-0.917875494423577,"Recruit"
"793","Recruit","REC-139",17.1774604166667,"17","0","Run3",-7.62962842723686e-05,-0.274666623380527,"Recruit"
"794","Recruit","REC-139",17.2372901960784,"17","560","Run3",6.55197193295363e-05,0.235870989586331,"Recruit"
"795","Recruit","REC-139",21.4629625,"21","0","Run3",-0.000104855393924586,-0.377479418128509,"Recruit"
"796","Recruit","REC-139",21.6136666666667,"21","560","Run3",8.96954858142581e-05,0.322903748931329,"Recruit"
"797","Recruit","REC-139",24.44653125,"24","0","Run3",-0.00010607678851439,-0.381876438651803,"Recruit"
"798","Recruit","REC-139",24.6832906666667,"24","560","Run3",0.000150854020272313,0.543074472980328,"Recruit"
"799","Recruit","REC-139",28.1411176470588,"28","0","Run3",-0.000107669279682817,-0.387609406858142,"Recruit"
"800","Recruit","REC-139",28.43235,"28","560","Run3",0.000157936551436474,0.568571585171306,"Recruit"
"801","Recruit","REC-139",29.887462037037,"30","0","Run3",-0.000124619751434233,-0.448631105163237,"Recruit"
"802","Recruit","REC-139",30.4064947368421,"30","560","Run3",0.000160156858190474,0.576564689485705,"Recruit"
"803","Recruit","REC-139",31.5756460784314,"32","0","Run3",-0.000138913427503774,-0.500088339013586,"Recruit"
"804","Recruit","REC-139",31.7673852941176,"32","560","Run3",0.00012301829752146,0.442865871077256,"Recruit"
"805","Recruit","REC-139",34.5938272727273,"35","0","Run3",-0.000123055790788343,-0.443000846838034,"Recruit"
"806","Recruit","REC-139",34.7501362745098,"35","560","Run3",0.000100810650371684,0.362918341338061,"Recruit"
"807","Recruit","REC-139",37.2135351851852,"38","0","Run3",-0.000130864314068259,-0.471111530645732,"Recruit"
"808","Recruit","REC-139",37.0530205882353,"38","560","Run3",-7.05497901215728e-05,-0.253979244437662,"Recruit"
"809","Recruit","REC-139",40.1086233333333,"40","0","Run3",-4.95099680991736e-05,-0.178235885157025,"Recruit"
"810","Recruit","REC-139",40.1362683566434,"40","560","Run3",-0.000154516993148699,-0.556261175335315,"Recruit"
"811","Recruit","REC-140",17.7023385416667,"17","0","Run4",-7.14712648598914e-05,-0.257296553495609,"Recruit"
"812","Recruit","REC-140",17.6746098039216,"17","560","Run4",9.51505210985698e-05,0.342541875954851,"Recruit"
"813","Recruit","REC-140",21.6981868421053,"21","0","Run4",-0.000111265368107973,-0.400555325188704,"Recruit"
"814","Recruit","REC-140",22.126568627451,"21","560","Run4",0.000109430879726345,0.393951167014842,"Recruit"
"815","Recruit","REC-140",24.4734780701754,"24","0","Run4",-0.000101983243669131,-0.367139677208871,"Recruit"
"816","Recruit","REC-140",24.7128588235294,"24","560","Run4",0.000153201560524021,0.551525617886477,"Recruit"
"817","Recruit","REC-140",28.2139529411765,"28","0","Run4",-0.000136662574471623,-0.491985268097841,"Recruit"
"818","Recruit","REC-140",28.3023019607843,"28","560","Run4",0.000197381559702386,0.71057361492859,"Recruit"
"819","Recruit","REC-140",30.19191875,"30","0","Run4",-0.000156777870946322,-0.564400335406761,"Recruit"
"820","Recruit","REC-140",30.7088268518519,"30","560","Run4",0.000180998653166425,0.65159515139913,"Recruit"
"821","Recruit","REC-140",31.925878125,"32","0","Run4",-0.000183325281299871,-0.659971012679536,"Recruit"
"822","Recruit","REC-140",32.2726283333333,"32","560","Run4",0.000108205541978247,0.38953995112169,"Recruit"
"823","Recruit","REC-140",34.6008055555556,"35","0","Run4",-0.000222461155671335,-0.800860160416806,"Recruit"
"824","Recruit","REC-140",34.6077078431373,"35","560","Run4",9.47025155221099e-05,0.340929055879596,"Recruit"
"825","Recruit","REC-140",37.5347137254902,"38","0","Run4",-0.00016964073599424,-0.610706649579264,"Recruit"
"826","Recruit","REC-140",37.904012037037,"38","560","Run4",-0.000150962530842246,-0.543465111032084,"Recruit"
"827","Recruit","REC-140",38.2154854166667,"40","0","Run4",-0.000129625487912227,-0.466651756484016,"Recruit"
"828","Recruit","REC-140",39.0012925925926,"40","560","Run4",1.31855648795158e-05,0.0474680335662567,"Recruit"
