"","Species","colony_id","avg_temp_interval","Temperature","Light","Run","micromol.cm2.s","micromol.cm2.h","Stage","PAR","Pc"
"1","P. grandis","POG-104",17.73721875,"17","0","Run4",-0.000114583165573469,-0.412499396064488,"Adult",0,-0.000114583165573469
"2","P. grandis","POG-104",17.7277049019608,"17","560","Run4",0.000125036976068697,0.450133113847309,"Adult",560,0.000125036976068697
"3","P. grandis","POG-104",21.7372903508772,"21","0","Run4",-0.000106342199339705,-0.382831917622936,"Adult",0,-0.000106342199339705
"4","P. grandis","POG-104",22.1982205882353,"21","560","Run4",0.000173803741529073,0.625693469504664,"Adult",560,0.000173803741529073
"5","P. grandis","POG-104",24.5428780701754,"24","0","Run4",-0.000131635398187932,-0.473887433476554,"Adult",0,-0.000131635398187932
"6","P. grandis","POG-104",24.8311901960784,"24","560","Run4",0.00018906912143815,0.680648837177339,"Adult",560,0.00018906912143815
"7","P. grandis","POG-104",28.2847166666667,"28","0","Run4",-0.000171598679697443,-0.617755246910795,"Adult",0,-0.000171598679697443
"8","P. grandis","POG-104",28.4445862745098,"28","560","Run4",0.000253376654244557,0.912155955280407,"Adult",560,0.000253376654244557
"9","P. grandis","POG-104",30.3143802083333,"30","0","Run4",-0.000178394942354205,-0.642221792475138,"Adult",0,-0.000178394942354205
"10","P. grandis","POG-104",30.8816805555556,"30","560","Run4",0.000221192728578441,0.796293822882386,"Adult",560,0.000221192728578441
"11","P. grandis","POG-104",32.1343052083333,"32","0","Run4",-0.000300212399356341,-1.08076463768283,"Adult",0,-0.000300212399356341
"12","P. grandis","POG-104",32.4169558333333,"32","560","Run4",0.000207881015938277,0.748371657377796,"Adult",560,0.000207881015938277
"13","P. grandis","POG-104",34.6485055555556,"35","0","Run4",-0.000205949538000583,-0.741418336802099,"Adult",0,-0.000205949538000583
"14","P. grandis","POG-104",34.6881274509804,"35","560","Run4",0.000126534959089098,0.455525852720753,"Adult",560,0.000126534959089098
"15","P. grandis","POG-104",37.5504637254902,"38","0","Run4",-0.000137661791537849,-0.495582449536256,"Adult",0,-0.000137661791537849
"16","P. grandis","POG-104",37.7451027777778,"38","560","Run4",-0.000178653684843517,-0.643153265436662,"Adult",560,-0.000178653684843517
"17","P. grandis","POG-104",38.1578677083333,"40","0","Run4",-0.000159370205268803,-0.573732738967692,"Adult",0,-0.000159370205268803
"18","P. grandis","POG-104",38.9961740740741,"40","560","Run4",-0.000164040927885154,-0.590547340386555,"Adult",560,-0.000164040927885154
"19","P. grandis","POG-106",17.6197302083333,"17","0","Run4",-0.000106961648566127,-0.385061934838059,"Adult",0,-0.000106961648566127
"20","P. grandis","POG-106",17.4966921568627,"17","560","Run4",6.70162111370182e-05,0.241258360093266,"Adult",560,6.70162111370182e-05
"21","P. grandis","POG-106",21.6768815789474,"21","0","Run4",-8.2386585020282e-05,-0.296591706073015,"Adult",0,-8.2386585020282e-05
"22","P. grandis","POG-106",22.2244088235294,"21","560","Run4",0.000140796080180432,0.506865888649555,"Adult",560,0.000140796080180432
"23","P. grandis","POG-106",24.3610780701754,"24","0","Run4",-0.00010447368533152,-0.376105267193472,"Adult",0,-0.00010447368533152
"24","P. grandis","POG-106",24.4473235294118,"24","560","Run4",0.000146437874928712,0.527176349743363,"Adult",560,0.000146437874928712
"25","P. grandis","POG-106",28.1465519607843,"28","0","Run4",-0.000122111528069441,-0.439601501049989,"Adult",0,-0.000122111528069441
"26","P. grandis","POG-106",28.2141264705882,"28","560","Run4",0.000146904744477836,0.528857080120209,"Adult",560,0.000146904744477836
"27","P. grandis","POG-106",30.1451104166667,"30","0","Run4",-0.000134876863536924,-0.485556708732926,"Adult",0,-0.000134876863536924
"28","P. grandis","POG-106",30.6279018518519,"30","560","Run4",0.000126923401560959,0.456924245619451,"Adult",560,0.000126923401560959
"29","P. grandis","POG-106",31.8396416666667,"32","0","Run4",-0.000139276481988826,-0.501395335159774,"Adult",0,-0.000139276481988826
"30","P. grandis","POG-106",32.2205433333333,"32","560","Run4",0.000102529624921832,0.369106649718596,"Adult",560,0.000102529624921832
"31","P. grandis","POG-106",34.3529537037037,"35","0","Run4",-0.000175391099125664,-0.631407956852391,"Adult",0,-0.000175391099125664
"32","P. grandis","POG-106",34.3230745098039,"35","560","Run4",5.50457136958924e-05,0.198164569305213,"Adult",560,5.50457136958924e-05
"33","P. grandis","POG-106",37.3121833333333,"38","0","Run4",-0.000101800418009215,-0.366481504833175,"Adult",0,-0.000101800418009215
"34","P. grandis","POG-106",37.6644888888889,"38","560","Run4",-0.00012011093193031,-0.432399354949116,"Adult",560,-0.00012011093193031
"35","P. grandis","POG-106",38.0210729166667,"40","0","Run4",-9.46228582177043e-05,-0.340642289583736,"Adult",0,-9.46228582177043e-05
"36","P. grandis","POG-106",38.8069703703704,"40","560","Run4",-0.000101048529023189,-0.363774704483482,"Adult",560,-0.000101048529023189
"37","P. meandrina","POM-105",17.7045677083333,"17","0","Run4",-0.000139878659448075,-0.50356317401307,"Adult",0,-0.000139878659448075
"38","P. meandrina","POM-105",17.6006725490196,"17","560","Run4",0.000104671181372847,0.37681625294225,"Adult",560,0.000104671181372847
"39","P. meandrina","POM-105",21.6902342105263,"21","0","Run4",-0.000133807244140182,-0.481706078904655,"Adult",0,-0.000133807244140182
"40","P. meandrina","POM-105",22.1596892156863,"21","560","Run4",0.000177779949390353,0.640007817805271,"Adult",560,0.000177779949390353
"41","P. meandrina","POM-105",24.4445421052632,"24","0","Run4",-0.000139946244362972,-0.503806479706698,"Adult",0,-0.000139946244362972
"42","P. meandrina","POM-105",24.6764823529412,"24","560","Run4",0.000199035459224185,0.716527653207065,"Adult",560,0.000199035459224185
"43","P. meandrina","POM-105",28.131568627451,"28","0","Run4",-0.000157031178542493,-0.565312242752974,"Adult",0,-0.000157031178542493
"44","P. meandrina","POM-105",28.2095529411765,"28","560","Run4",0.000242915433918476,0.874495562106515,"Adult",560,0.000242915433918476
"45","P. meandrina","POM-105",30.129453125,"30","0","Run4",-0.00018335026511111,-0.660060954399995,"Adult",0,-0.00018335026511111
"46","P. meandrina","POM-105",30.6516555555556,"30","560","Run4",0.000242441508138996,0.872789429300385,"Adult",560,0.000242441508138996
"47","P. meandrina","POM-105",31.7318729166667,"32","0","Run4",-0.000202547688076774,-0.729171677076387,"Adult",0,-0.000202547688076774
"48","P. meandrina","POM-105",32.2006566666667,"32","560","Run4",0.000262276423259157,0.944195123732964,"Adult",560,0.000262276423259157
"49","P. meandrina","POM-105",34.1323537037037,"35","0","Run4",-0.000211681266066328,-0.76205255783878,"Adult",0,-0.000211681266066328
"50","P. meandrina","POM-105",34.1180460784314,"35","560","Run4",0.000113404985934055,0.408257949362597,"Adult",560,0.000113404985934055
"51","P. meandrina","POM-105",36.9862088235294,"38","0","Run4",-0.000123505380541369,-0.444619369948929,"Adult",0,-0.000123505380541369
"52","P. meandrina","POM-105",37.2593222222222,"38","560","Run4",-0.000134247400039206,-0.48329064014114,"Adult",560,-0.000134247400039206
"53","P. meandrina","POM-105",35.28378125,"40","0","Run4",-0.000133932849080447,-0.482158256689609,"Adult",0,-0.000133932849080447
"54","P. meandrina","POM-105",35.4169490740741,"40","560","Run4",-0.000224199316683998,-0.807117540062392,"Adult",560,-0.000224199316683998
"55","P. tuahiniensis","POT-105",17.5726822916667,"17","0","Run4",-0.000127926349228758,-0.460534857223529,"Adult",0,-0.000127926349228758
"56","P. tuahiniensis","POT-105",17.5747470588235,"17","560","Run4",5.49775409657108e-05,0.197919147476559,"Adult",560,5.49775409657108e-05
"57","P. tuahiniensis","POT-105",21.4875921052632,"21","0","Run4",-3.95122024096796e-05,-0.142243928674847,"Adult",0,-3.95122024096796e-05
"58","P. tuahiniensis","POT-105",21.938787254902,"21","560","Run4",0.00051710278810621,1.86157003718236,"Adult",560,0.00051710278810621
"59","P. tuahiniensis","POT-105",24.2210789473684,"24","0","Run4",-7.62148162405156e-05,-0.274373338465856,"Adult",0,-7.62148162405156e-05
"60","P. tuahiniensis","POT-105",24.4949274509804,"24","560","Run4",0.000134154342695558,0.48295563370401,"Adult",560,0.000134154342695558
"61","P. tuahiniensis","POT-105",27.9336137254902,"28","0","Run4",-0.000126502570308088,-0.455409253109116,"Adult",0,-0.000126502570308088
"62","P. tuahiniensis","POT-105",28.0130529411765,"28","560","Run4",0.00013933027151273,0.501588977445829,"Adult",560,0.00013933027151273
"63","P. tuahiniensis","POT-105",29.891415625,"30","0","Run4",-0.000154706549627503,-0.556943578659011,"Adult",0,-0.000154706549627503
"64","P. tuahiniensis","POT-105",30.3614259259259,"30","560","Run4",0.000116168030121775,0.418204908438391,"Adult",560,0.000116168030121775
"65","P. tuahiniensis","POT-105",31.478721875,"32","0","Run4",-0.000156765517131743,-0.564355861674275,"Adult",0,-0.000156765517131743
"66","P. tuahiniensis","POT-105",31.8144983333333,"32","560","Run4",0.000110879163006585,0.399164986823706,"Adult",560,0.000110879163006585
"67","P. tuahiniensis","POT-105",34.0933157407407,"35","0","Run4",-0.000138128062935645,-0.497261026568323,"Adult",0,-0.000138128062935645
"68","P. tuahiniensis","POT-105",34.271412745098,"35","560","Run4",9.68612590880573e-05,0.348700532717006,"Adult",560,9.68612590880573e-05
"69","P. tuahiniensis","POT-105",36.9988049019608,"38","0","Run4",-0.000114130324996956,-0.410869169989043,"Adult",0,-0.000114130324996956
"70","P. tuahiniensis","POT-105",37.4694018518518,"38","560","Run4",-0.000108902175503928,-0.39204783181414,"Adult",560,-0.000108902175503928
"71","P. tuahiniensis","POT-105",37.6016854166667,"40","0","Run4",-0.000139497257286756,-0.50219012623232,"Adult",0,-0.000139497257286756
"72","P. tuahiniensis","POT-105",38.4353259259259,"40","560","Run4",-0.000103137647280676,-0.371295530210434,"Adult",560,-0.000103137647280676
"73","P. tuahiniensis","POT-106",17.688465625,"17","0","Run4",-6.67354030308234e-05,-0.240247450910964,"Adult",0,-6.67354030308234e-05
"74","P. tuahiniensis","POT-106",17.6143421568627,"17","560","Run4",6.44505236423797e-05,0.232021885112567,"Adult",560,6.44505236423797e-05
"75","P. tuahiniensis","POT-106",21.6930456140351,"21","0","Run4",-6.66544839250687e-05,-0.239956142130247,"Adult",0,-6.66544839250687e-05
"76","P. tuahiniensis","POT-106",22.151568627451,"21","560","Run4",9.44320822765841e-05,0.339955496195703,"Adult",560,9.44320822765841e-05
"77","P. tuahiniensis","POT-106",24.4456561403509,"24","0","Run4",-7.82053794140188e-05,-0.281539365890468,"Adult",0,-7.82053794140188e-05
"78","P. tuahiniensis","POT-106",24.7210078431373,"24","560","Run4",0.000106392390810576,0.383012606918072,"Adult",560,0.000106392390810576
"79","P. tuahiniensis","POT-106",28.2144598039216,"28","0","Run4",-9.50124949615092e-05,-0.342044981861433,"Adult",0,-9.50124949615092e-05
"80","P. tuahiniensis","POT-106",28.4194617647059,"28","560","Run4",0.000127439491416709,0.458782169100154,"Adult",560,0.000127439491416709
"81","P. tuahiniensis","POT-106",30.205003125,"30","0","Run4",-0.00010806711423744,-0.389041611254786,"Adult",0,-0.00010806711423744
"82","P. tuahiniensis","POT-106",30.783687037037,"30","560","Run4",0.000120572094113545,0.434059538808761,"Adult",560,0.000120572094113545
"83","P. tuahiniensis","POT-106",31.8457177083333,"32","0","Run4",-0.000126470358796102,-0.455293291665967,"Adult",0,-0.000126470358796102
"84","P. tuahiniensis","POT-106",32.2883033333333,"32","560","Run4",0.000100620969055388,0.362235488599395,"Adult",560,0.000100620969055388
"85","P. tuahiniensis","POT-106",34.1991305555556,"35","0","Run4",-0.000127711915807924,-0.459762896908527,"Adult",0,-0.000127711915807924
"86","P. tuahiniensis","POT-106",34.2365470588235,"35","560","Run4",7.6867995304089e-05,0.27672478309472,"Adult",560,7.6867995304089e-05
"87","P. tuahiniensis","POT-106",37.426168627451,"38","0","Run4",-5.16867070632276e-05,-0.186072145427619,"Adult",0,-5.16867070632276e-05
"88","P. tuahiniensis","POT-106",37.8660462962963,"38","560","Run4",-5.30288328350309e-05,-0.190903798206111,"Adult",560,-5.30288328350309e-05
"89","P. tuahiniensis","POT-106",37.92553125,"40","0","Run4",-7.02475529200933e-05,-0.252891190512336,"Adult",0,-7.02475529200933e-05
"90","P. tuahiniensis","POT-106",38.9574453703704,"40","560","Run4",-8.04468672234051e-05,-0.289608722004258,"Adult",560,-8.04468672234051e-05
"91","P. tuahiniensis","POT-108",17.7635333333333,"17","0","Run4",-0.000126531355517304,-0.455512879862295,"Adult",0,-0.000126531355517304
"92","P. tuahiniensis","POT-108",17.6857362745098,"17","560","Run4",0.000141477207218107,0.509317945985185,"Adult",560,0.000141477207218107
"93","P. tuahiniensis","POT-108",21.7749605263158,"21","0","Run4",-0.000107473837857451,-0.386905816286823,"Adult",0,-0.000107473837857451
"94","P. tuahiniensis","POT-108",22.2645529411765,"21","560","Run4",0.00017035674927814,0.613284297401305,"Adult",560,0.00017035674927814
"95","P. tuahiniensis","POT-108",24.4896745614035,"24","0","Run4",-0.000131168954996935,-0.472208237988966,"Adult",0,-0.000131168954996935
"96","P. tuahiniensis","POT-108",24.8012882352941,"24","560","Run4",0.000194948093284048,0.701813135822574,"Adult",560,0.000194948093284048
"97","P. tuahiniensis","POT-108",28.2194049019608,"28","0","Run4",-0.000141186219615404,-0.508270390615455,"Adult",0,-0.000141186219615404
"98","P. tuahiniensis","POT-108",28.4150588235294,"28","560","Run4",0.00024640563961259,0.887060302605325,"Adult",560,0.00024640563961259
"99","P. tuahiniensis","POT-108",30.2704041666667,"30","0","Run4",-0.000217634382304188,-0.783483776295076,"Adult",0,-0.000217634382304188
"100","P. tuahiniensis","POT-108",30.7752092592593,"30","560","Run4",0.000216606374259725,0.779782947335011,"Adult",560,0.000216606374259725
"101","P. tuahiniensis","POT-108",31.8983604166667,"32","0","Run4",-0.000193229698877057,-0.695626915957405,"Adult",0,-0.000193229698877057
"102","P. tuahiniensis","POT-108",32.304695,"32","560","Run4",0.000210646160905728,0.758326179260622,"Adult",560,0.000210646160905728
"103","P. tuahiniensis","POT-108",34.3802435185185,"35","0","Run4",-0.000167665053594527,-0.603594192940298,"Adult",0,-0.000167665053594527
"104","P. tuahiniensis","POT-108",34.3277352941176,"35","560","Run4",0.000165229800792781,0.594827282854011,"Adult",560,0.000165229800792781
"105","P. tuahiniensis","POT-108",37.2944705882353,"38","0","Run4",-0.000117084592698389,-0.421504533714202,"Adult",0,-0.000117084592698389
"106","P. tuahiniensis","POT-108",37.6314675925926,"38","560","Run4",-0.000115470911914796,-0.415695282893264,"Adult",560,-0.000115470911914796
"107","P. tuahiniensis","POT-108",38.02391875,"40","0","Run4",-0.000112277064160561,-0.404197430978021,"Adult",0,-0.000112277064160561
"108","P. tuahiniensis","POT-108",38.814912037037,"40","560","Run4",-0.000119962954540494,-0.431866636345778,"Adult",560,-0.000119962954540494
"109","P. verrucosa","POV-106",17.6068552083333,"17","0","Run4",-9.49197882378869e-05,-0.341711237656393,"Adult",0,-9.49197882378869e-05
"110","P. verrucosa","POV-106",17.6672921568627,"17","560","Run4",6.39543111344329e-05,0.230235520083958,"Adult",560,6.39543111344329e-05
"111","P. verrucosa","POV-106",21.5386254385965,"21","0","Run4",-9.55332215912207e-05,-0.343919597728394,"Adult",0,-9.55332215912207e-05
"112","P. verrucosa","POV-106",21.9916696078431,"21","560","Run4",0.000101238540699618,0.364458746518626,"Adult",560,0.000101238540699618
"113","P. verrucosa","POV-106",24.3029894736842,"24","0","Run4",-0.000120134721501758,-0.432484997406327,"Adult",0,-0.000120134721501758
"114","P. verrucosa","POV-106",24.5478647058824,"24","560","Run4",0.000123796796972208,0.44566846909995,"Adult",560,0.000123796796972208
"115","P. verrucosa","POV-106",28.0214362745098,"28","0","Run4",-0.000148190458103707,-0.533485649173345,"Adult",0,-0.000148190458103707
"116","P. verrucosa","POV-106",28.0798715686274,"28","560","Run4",0.000136053705674133,0.489793340426877,"Adult",560,0.000136053705674133
"117","P. verrucosa","POV-106",30.0585197916667,"30","0","Run4",-0.00017369130662532,-0.625288703851152,"Adult",0,-0.00017369130662532
"118","P. verrucosa","POV-106",30.4078824074074,"30","560","Run4",0.00014153601992234,0.509529671720423,"Adult",560,0.00014153601992234
"119","P. verrucosa","POV-106",31.7567166666667,"32","0","Run4",-0.000173232111795505,-0.62363560246382,"Adult",0,-0.000173232111795505
"120","P. verrucosa","POV-106",32.1311291666667,"32","560","Run4",0.000116632565822657,0.419877236961565,"Adult",560,0.000116632565822657
"121","P. verrucosa","POV-106",34.5904314814815,"35","0","Run4",-0.000173320538166182,-0.623953937398255,"Adult",0,-0.000173320538166182
"122","P. verrucosa","POV-106",34.9571245098039,"35","560","Run4",3.43805895098325e-05,0.123770122235397,"Adult",560,3.43805895098325e-05
"123","P. verrucosa","POV-106",37.2207274509804,"38","0","Run4",-0.000117677063138879,-0.423637427299965,"Adult",0,-0.000117677063138879
"124","P. verrucosa","POV-106",37.6398324074074,"38","560","Run4",-0.000150223602488284,-0.540804968957822,"Adult",560,-0.000150223602488284
"125","P. verrucosa","POV-106",37.85605625,"40","0","Run4",-0.000103504895137264,-0.372617622494152,"Adult",0,-0.000103504895137264
"126","P. verrucosa","POV-106",38.593812962963,"40","560","Run4",-0.000148725105411614,-0.535410379481811,"Adult",560,-0.000148725105411614
"127","Recruit","REC-106",17.47759375,"17","0","Run4",-0.000157224172510564,-0.56600702103803,"Recruit",0,-0.000157224172510564
"128","Recruit","REC-106",17.5377578431373,"17","560","Run4",4.0019995030575e-05,0.14407198211007,"Recruit",560,4.0019995030575e-05
"129","Recruit","REC-106",21.34125,"21","0","Run4",-9.09805862709507e-05,-0.327530110575423,"Recruit",0,-9.09805862709507e-05
"130","Recruit","REC-106",21.5937245098039,"21","560","Run4",9.76351703951226e-05,0.351486613422441,"Recruit",560,9.76351703951226e-05
"131","Recruit","REC-106",24.2884754385965,"24","0","Run4",-9.75249229620841e-05,-0.351089722663503,"Recruit",0,-9.75249229620841e-05
"132","Recruit","REC-106",24.5768166666667,"24","560","Run4",0.000136100075024915,0.489960270089695,"Recruit",560,0.000136100075024915
"133","Recruit","REC-106",28.0275490196078,"28","0","Run4",-6.93811567356233e-05,-0.249772164248244,"Recruit",0,-6.93811567356233e-05
"134","Recruit","REC-106",28.1727852941176,"28","560","Run4",0.000189340826782784,0.681626976418024,"Recruit",560,0.000189340826782784
"135","Recruit","REC-106",30.018703125,"30","0","Run4",-0.00013247689814503,-0.476916833322109,"Recruit",0,-0.00013247689814503
"136","Recruit","REC-106",30.5413175925926,"30","560","Run4",0.000124862460263005,0.449504856946817,"Recruit",560,0.000124862460263005
"137","Recruit","REC-106",31.7586510416667,"32","0","Run4",-0.000145257350496483,-0.522926461787337,"Recruit",0,-0.000145257350496483
"138","Recruit","REC-106",32.1056858333333,"32","560","Run4",0.000184749202462879,0.665097128866363,"Recruit",560,0.000184749202462879
"139","Recruit","REC-106",34.4511018518519,"35","0","Run4",-7.39411086578954e-05,-0.266187991168424,"Recruit",0,-7.39411086578954e-05
"140","Recruit","REC-106",34.6659039215686,"35","560","Run4",0.000112418177949605,0.404705440618576,"Recruit",560,0.000112418177949605
"141","Recruit","REC-106",37.3585088235294,"38","0","Run4",-0.000103396941168092,-0.37222898820513,"Recruit",0,-0.000103396941168092
"142","Recruit","REC-106",37.7712972222222,"38","560","Run4",2.97660557349545e-05,0.107157800645836,"Recruit",560,2.97660557349545e-05
"143","Recruit","REC-106",37.9256864583333,"40","0","Run4",-0.000149322059358275,-0.537559413689788,"Recruit",0,-0.000149322059358275
"144","Recruit","REC-106",38.6443592592593,"40","560","Run4",-0.00013500123320889,-0.486004439552004,"Recruit",560,-0.00013500123320889
"145","Recruit","REC-109",17.5076791666667,"17","0","Run4",-0.00011567701810462,-0.416437265176633,"Recruit",0,-0.00011567701810462
"146","Recruit","REC-109",17.5698656862745,"17","560","Run4",9.17641072360434e-05,0.330350786049756,"Recruit",560,9.17641072360434e-05
"147","Recruit","REC-109",21.5261640350877,"21","0","Run4",-9.86398433233746e-05,-0.355103435964149,"Recruit",0,-9.86398433233746e-05
"148","Recruit","REC-109",21.9586049019608,"21","560","Run4",7.00818688576161e-05,0.252294727887418,"Recruit",560,7.00818688576161e-05
"149","Recruit","REC-109",24.3595429824561,"24","0","Run4",-0.000117172766388993,-0.421821959000374,"Recruit",0,-0.000117172766388993
"150","Recruit","REC-109",24.6224568627451,"24","560","Run4",9.30009143190597e-05,0.334803291548615,"Recruit",560,9.30009143190597e-05
"151","Recruit","REC-109",28.101981372549,"28","0","Run4",-9.64238824905352e-05,-0.347125976965927,"Recruit",0,-9.64238824905352e-05
"152","Recruit","REC-109",28.2423333333333,"28","560","Run4",0.000153098690744335,0.551155286679607,"Recruit",560,0.000153098690744335
"153","Recruit","REC-109",30.170325,"30","0","Run4",-0.00011992745138204,-0.431738824975342,"Recruit",0,-0.00011992745138204
"154","Recruit","REC-109",30.6873074074074,"30","560","Run4",0.000114050735767394,0.410582648762617,"Recruit",560,0.000114050735767394
"155","Recruit","REC-109",31.903025,"32","0","Run4",-0.000110573809335673,-0.398065713608425,"Recruit",0,-0.000110573809335673
"156","Recruit","REC-109",32.3172566666667,"32","560","Run4",0.00018771735548201,0.675782479735237,"Recruit",560,0.00018771735548201
"157","Recruit","REC-109",34.7350509259259,"35","0","Run4",-5.62144527068648e-05,-0.202372029744713,"Recruit",0,-5.62144527068648e-05
"158","Recruit","REC-109",34.9059725490196,"35","560","Run4",8.88407130883701e-05,0.319826567118132,"Recruit",560,8.88407130883701e-05
"159","Recruit","REC-109",37.50375,"38","0","Run4",-6.5813614458178e-05,-0.236929012049441,"Recruit",0,-6.5813614458178e-05
"160","Recruit","REC-109",38.0071287037037,"38","560","Run4",-0.000203158642649361,-0.731371113537699,"Recruit",560,-0.000203158642649361
"161","Recruit","REC-109",38.0838041666667,"40","0","Run4",0.000109373761533524,0.393745541520686,"Recruit",0,0.000109373761533524
"162","Recruit","REC-109",38.9375546296296,"40","560","Run4",-0.000108616030944195,-0.391017711399103,"Recruit",560,-0.000108616030944195
"163","Recruit","REC-112",17.73623125,"17","0","Run4",-0.000179129496433915,-0.644866187162095,"Recruit",0,-0.000179129496433915
"164","Recruit","REC-112",17.6259411764706,"17","560","Run4",1.9870935368265e-05,0.0715353673257539,"Recruit",560,1.9870935368265e-05
"165","Recruit","REC-112",21.7722219298246,"21","0","Run4",-8.49992128732916e-05,-0.30599716634385,"Recruit",0,-8.49992128732916e-05
"166","Recruit","REC-112",22.3092196078431,"21","560","Run4",1.87103561070005e-05,0.0673572819852017,"Recruit",560,1.87103561070005e-05
"167","Recruit","REC-112",24.5159078947368,"24","0","Run4",-8.26674336295356e-05,-0.297602761066328,"Recruit",0,-8.26674336295356e-05
"168","Recruit","REC-112",24.8858323529412,"24","560","Run4",4.02856294932117e-06,0.0145028266175562,"Recruit",560,4.02856294932117e-06
"169","Recruit","REC-112",28.2489715686275,"28","0","Run4",-6.07507174779857e-05,-0.218702582920749,"Recruit",0,-6.07507174779857e-05
"170","Recruit","REC-112",28.4440715686275,"28","560","Run4",4.83678570621536e-05,0.174124285423753,"Recruit",560,4.83678570621536e-05
"171","Recruit","REC-112",30.2518583333333,"30","0","Run4",-0.000130867857830794,-0.471124288190858,"Recruit",0,-0.000130867857830794
"172","Recruit","REC-112",30.8390962962963,"30","560","Run4",6.5341806823586e-05,0.23523050456491,"Recruit",560,6.5341806823586e-05
"173","Recruit","REC-112",31.8471208333333,"32","0","Run4",-9.49050192347199e-05,-0.341658069244992,"Recruit",0,-9.49050192347199e-05
"174","Recruit","REC-112",32.2939516666667,"32","560","Run4",6.9015311023749e-05,0.248455119685496,"Recruit",560,6.9015311023749e-05
"175","Recruit","REC-112",34.3920777777778,"35","0","Run4",-0.000128055245994653,-0.460998885580751,"Recruit",0,-0.000128055245994653
"176","Recruit","REC-112",34.3537166666667,"35","560","Run4",2.23892439177072e-05,0.0806012781037459,"Recruit",560,2.23892439177072e-05
"177","Recruit","REC-112",37.2945343137255,"38","0","Run4",-0.000123333298570981,-0.443999874855531,"Recruit",0,-0.000123333298570981
"178","Recruit","REC-112",37.6501388888889,"38","560","Run4",-0.000175186200749036,-0.63067032269653,"Recruit",560,-0.000175186200749036
"179","Recruit","REC-112",37.9823583333333,"40","0","Run4",-0.000103177314485964,-0.371438332149469,"Recruit",0,-0.000103177314485964
"180","Recruit","REC-112",38.8292935185185,"40","560","Run4",-0.000164224240225143,-0.591207264810516,"Recruit",560,-0.000164224240225143
"181","Recruit","REC-128",17.7437322916667,"17","0","Run4",-0.000171838819242517,-0.618619749273061,"Recruit",0,-0.000171838819242517
"182","Recruit","REC-128",17.6720823529412,"17","560","Run4",2.7302143698397e-05,0.0982877173142292,"Recruit",560,2.7302143698397e-05
"183","Recruit","REC-128",21.7631921052632,"21","0","Run4",-6.88815876702239e-05,-0.247973715612806,"Recruit",0,-6.88815876702239e-05
"184","Recruit","REC-128",22.2247715686274,"21","560","Run4",0.00011241273780675,0.4046858561043,"Recruit",560,0.00011241273780675
"185","Recruit","REC-128",24.5380192982456,"24","0","Run4",-9.83104172047105e-05,-0.353917501936958,"Recruit",0,-9.83104172047105e-05
"186","Recruit","REC-128",24.7721470588235,"24","560","Run4",0.000122190360833381,0.439885299000172,"Recruit",560,0.000122190360833381
"187","Recruit","REC-128",28.3028598039216,"28","0","Run4",-0.000109126494050048,-0.392855378580172,"Recruit",0,-0.000109126494050048
"188","Recruit","REC-128",28.4119833333333,"28","560","Run4",8.1166600454416e-05,0.292199761635898,"Recruit",560,8.1166600454416e-05
"189","Recruit","REC-128",30.3486604166667,"30","0","Run4",-0.000163169559184495,-0.587410413064181,"Recruit",0,-0.000163169559184495
"190","Recruit","REC-128",30.8505481481481,"30","560","Run4",0.000167126945352924,0.601657003270527,"Recruit",560,0.000167126945352924
"191","Recruit","REC-128",32.195909375,"32","0","Run4",-0.000155038235176305,-0.558137646634698,"Recruit",0,-0.000155038235176305
"192","Recruit","REC-128",32.4937116666667,"32","560","Run4",9.59756554246189e-05,0.345512359528628,"Recruit",560,9.59756554246189e-05
"193","Recruit","REC-128",34.8506481481481,"35","0","Run4",-0.000203406918847102,-0.732264907849567,"Recruit",0,-0.000203406918847102
"194","Recruit","REC-128",34.7868088235294,"35","560","Run4",-3.99990016831955e-06,-0.0143996406059504,"Recruit",560,-3.99990016831955e-06
"195","Recruit","REC-128",37.7293784313725,"38","0","Run4",-3.34928051405712e-05,-0.120574098506056,"Recruit",0,-3.34928051405712e-05
"196","Recruit","REC-128",37.889887037037,"38","560","Run4",-0.000279102397391608,-1.00476863060979,"Recruit",560,-0.000279102397391608
"197","Recruit","REC-128",38.24780625,"40","0","Run4",-0.00013529371787046,-0.487057384333657,"Recruit",0,-0.00013529371787046
"198","Recruit","REC-128",39.1648305555556,"40","560","Run4",-0.000108172648322632,-0.389421533961476,"Recruit",560,-0.000108172648322632
"199","Recruit","REC-129",17.7878010416667,"17","0","Run4",-9.09205425679895e-05,-0.327313953244762,"Recruit",0,-9.09205425679895e-05
"200","Recruit","REC-129",17.6450166666667,"17","560","Run4",8.56802743298533e-05,0.308448987587472,"Recruit",560,8.56802743298533e-05
"201","Recruit","REC-129",21.8381640350877,"21","0","Run4",-5.49827882726374e-05,-0.197938037781494,"Recruit",0,-5.49827882726374e-05
"202","Recruit","REC-129",22.4465323529412,"21","560","Run4",0.000124260882245305,0.447339176083098,"Recruit",560,0.000124260882245305
"203","Recruit","REC-129",24.4923201754386,"24","0","Run4",-6.40955689422094e-05,-0.230744048191954,"Recruit",0,-6.40955689422094e-05
"204","Recruit","REC-129",24.9045745098039,"24","560","Run4",9.70800226420104e-05,0.349488081511238,"Recruit",560,9.70800226420104e-05
"205","Recruit","REC-129",28.22125,"28","0","Run4",-4.74036807025039e-05,-0.170653250529014,"Recruit",0,-4.74036807025039e-05
"206","Recruit","REC-129",28.4730303921569,"28","560","Run4",0.000144302373207961,0.51948854354866,"Recruit",560,0.000144302373207961
"207","Recruit","REC-129",30.2012052083333,"30","0","Run4",-0.000100612984957002,-0.362206745845207,"Recruit",0,-0.000100612984957002
"208","Recruit","REC-129",30.821362962963,"30","560","Run4",0.000141497576688509,0.509391276078631,"Recruit",560,0.000141497576688509
"209","Recruit","REC-129",31.728409375,"32","0","Run4",-8.67876211256801e-05,-0.312435436052448,"Recruit",0,-8.67876211256801e-05
"210","Recruit","REC-129",32.1679483333333,"32","560","Run4",0.000158134956308994,0.56928584271238,"Recruit",560,0.000158134956308994
"211","Recruit","REC-129",33.9883592592593,"35","0","Run4",-9.71108225684758e-05,-0.349598961246513,"Recruit",0,-9.71108225684758e-05
"212","Recruit","REC-129",34.0074156862745,"35","560","Run4",8.66915209021717e-05,0.312089475247818,"Recruit",560,8.66915209021717e-05
"213","Recruit","REC-129",36.8447607843137,"38","0","Run4",-2.50327196128769e-05,-0.0901177906063569,"Recruit",0,-2.50327196128769e-05
"214","Recruit","REC-129",37.277812962963,"38","560","Run4",-4.36367014043524e-05,-0.157092125055669,"Recruit",560,-4.36367014043524e-05
"215","Recruit","REC-129",37.7233989583333,"40","0","Run4",-5.83855451753772e-05,-0.210187962631358,"Recruit",0,-5.83855451753772e-05
"216","Recruit","REC-129",38.7136722222222,"40","560","Run4",-0.000120866816477093,-0.435120539317533,"Recruit",560,-0.000120866816477093
"217","Recruit","REC-132",17.43558125,"17","0","Run4",-0.000192836061757016,-0.694209822325259,"Recruit",0,-0.000192836061757016
"218","Recruit","REC-132",17.4398470588235,"17","560","Run4",-5.53530840420091e-05,-0.199271102551233,"Recruit",560,-5.53530840420091e-05
"219","Recruit","REC-132",21.4047122807018,"21","0","Run4",-8.85744041701387e-05,-0.318867855012499,"Recruit",0,-8.85744041701387e-05
"220","Recruit","REC-132",21.8372196078431,"21","560","Run4",0.000125336748586671,0.451212294912014,"Recruit",560,0.000125336748586671
"221","Recruit","REC-132",24.1734175438596,"24","0","Run4",-0.000109243198658669,-0.393275515171209,"Recruit",0,-0.000109243198658669
"222","Recruit","REC-132",24.4371980392157,"24","560","Run4",0.00014209811974113,0.511553231068069,"Recruit",560,0.00014209811974113
"223","Recruit","REC-132",28.0158598039216,"28","0","Run4",-0.000105558116657717,-0.38000921996778,"Recruit",0,-0.000105558116657717
"224","Recruit","REC-132",28.0463058823529,"28","560","Run4",0.000120709038665115,0.434552539194415,"Recruit",560,0.000120709038665115
"225","Recruit","REC-132",29.97061875,"30","0","Run4",-0.000135472891307898,-0.487702408708435,"Recruit",0,-0.000135472891307898
"226","Recruit","REC-132",30.4711509259259,"30","560","Run4",0.000144661052732675,0.520779789837631,"Recruit",560,0.000144661052732675
"227","Recruit","REC-132",31.6083322916667,"32","0","Run4",-0.000124979210501535,-0.449925157805525,"Recruit",0,-0.000124979210501535
"228","Recruit","REC-132",31.970305,"32","560","Run4",0.000151924065026302,0.546926634094688,"Recruit",560,0.000151924065026302
"229","Recruit","REC-132",34.5296046296296,"35","0","Run4",-0.000128410714146907,-0.462278570928865,"Recruit",0,-0.000128410714146907
"230","Recruit","REC-132",34.8170225490196,"35","560","Run4",9.43042716648947e-05,0.339495377993621,"Recruit",560,9.43042716648947e-05
"231","Recruit","REC-132",37.1669421568627,"38","0","Run4",-0.000114960256745481,-0.413856924283732,"Recruit",0,-0.000114960256745481
"232","Recruit","REC-132",37.6703842592593,"38","560","Run4",-0.000112346155270655,-0.404446158974357,"Recruit",560,-0.000112346155270655
"233","Recruit","REC-132",37.8043614583333,"40","0","Run4",-0.000143221649198462,-0.515597937114463,"Recruit",0,-0.000143221649198462
"234","Recruit","REC-132",38.5727009259259,"40","560","Run4",-0.000161126146934331,-0.580054128963591,"Recruit",560,-0.000161126146934331
"235","Recruit","REC-140",17.7023385416667,"17","0","Run4",-0.00010810092084693,-0.389163315048949,"Recruit",0,-0.00010810092084693
"236","Recruit","REC-140",17.6746098039216,"17","560","Run4",0.000102234971897739,0.36804589883186,"Recruit",560,0.000102234971897739
"237","Recruit","REC-140",21.6981868421053,"21","0","Run4",-9.7420575170527e-05,-0.350714070613897,"Recruit",0,-9.7420575170527e-05
"238","Recruit","REC-140",22.126568627451,"21","560","Run4",0.000143250194097016,0.515700698749259,"Recruit",560,0.000143250194097016
"239","Recruit","REC-140",24.4734780701754,"24","0","Run4",-0.000115836738982474,-0.417012260336907,"Recruit",0,-0.000115836738982474
"240","Recruit","REC-140",24.7128588235294,"24","560","Run4",0.000139536161570033,0.502330181652119,"Recruit",560,0.000139536161570033
"241","Recruit","REC-140",28.2139529411765,"28","0","Run4",-0.000132440692800771,-0.476786494082775,"Recruit",0,-0.000132440692800771
"242","Recruit","REC-140",28.3023019607843,"28","560","Run4",0.000179787481649134,0.647234933936884,"Recruit",560,0.000179787481649134
"243","Recruit","REC-140",30.19191875,"30","0","Run4",-0.000151096985121156,-0.54394914643616,"Recruit",0,-0.000151096985121156
"244","Recruit","REC-140",30.7088268518519,"30","560","Run4",0.000155385204894803,0.55938673762129,"Recruit",560,0.000155385204894803
"245","Recruit","REC-140",31.925878125,"32","0","Run4",-0.000145591154246236,-0.524128155286449,"Recruit",0,-0.000145591154246236
"246","Recruit","REC-140",32.2726283333333,"32","560","Run4",0.000165750795973754,0.596702865505513,"Recruit",560,0.000165750795973754
"247","Recruit","REC-140",34.6008055555556,"35","0","Run4",-0.000177244305600982,-0.638079500163534,"Recruit",0,-0.000177244305600982
"248","Recruit","REC-140",34.6077078431373,"35","560","Run4",0.000129476626535399,0.466115855527436,"Recruit",560,0.000129476626535399
"249","Recruit","REC-140",37.5347137254902,"38","0","Run4",-0.000141806823382218,-0.510504564175986,"Recruit",0,-0.000141806823382218
"250","Recruit","REC-140",37.904012037037,"38","560","Run4",-0.000140674972919023,-0.506429902508483,"Recruit",560,-0.000140674972919023
"251","Recruit","REC-140",38.2154854166667,"40","0","Run4",-0.00010356734187367,-0.372842430745213,"Recruit",0,-0.00010356734187367
"252","Recruit","REC-140",39.0012925925926,"40","560","Run4",-8.077758228929e-05,-0.290799296241444,"Recruit",560,-8.077758228929e-05
